[debug] [2026-09-04T05:03:34.964Z] ----------------------------------------------------------------------
[debug] [2026-09-04T05:03:34.975Z] Command:       C:\Program Files\nodejs\node.exe C:\Users\ceva\AppData\Roaming\npm\node_modules\firebase-tools\lib\bin\firebase.js deploy --only functions:forecastOnDeviceUpdate
[debug] [2026-09-04T05:03:34.975Z] CLI Version:   15.27.0
[debug] [2026-09-04T05:03:34.975Z] Platform:      win32
[debug] [2026-09-04T05:03:34.975Z] Node Version:  v24.16.0
[debug] [2026-09-04T05:03:34.976Z] Detected Agent: unknown
[debug] [2026-09-04T05:03:34.976Z] Time:          Fri Sep 04 2026 13:03:34 GMT+0800 (Philippine Standard Time)
[debug] [2026-09-04T05:03:34.976Z] ----------------------------------------------------------------------
[debug] 
[debug] [2026-09-04T05:03:36.787Z] > command requires scopes: ["email","openid","https://www.googleapis.com/auth/cloudplatformprojects.readonly","https://www.googleapis.com/auth/firebase","https://www.googleapis.com/auth/cloud-platform"]
[debug] [2026-09-04T05:03:36.787Z] > authorizing via signed-in user (reyesmichaelph@gmail.com)
[debug] [2026-09-04T05:03:36.787Z] [iam] checking project uran-48e06 for permissions ["cloudfunctions.functions.create","cloudfunctions.functions.delete","cloudfunctions.functions.get","cloudfunctions.functions.list","cloudfunctions.functions.update","cloudfunctions.operations.get","firebase.projects.get"]
[debug] [2026-09-04T05:03:36.828Z] Checked if tokens are valid: true, expires at: 1788499848484
[debug] [2026-09-04T05:03:36.828Z] Checked if tokens are valid: true, expires at: 1788499848484
[debug] [2026-09-04T05:03:36.829Z] >>> [apiv2][query] POST https://cloudresourcemanager.googleapis.com/v1/projects/uran-48e06:testIamPermissions [none]
[debug] [2026-09-04T05:03:36.829Z] >>> [apiv2][(partial)header] POST https://cloudresourcemanager.googleapis.com/v1/projects/uran-48e06:testIamPermissions  x-goog-user-project=uran-48e06
[debug] [2026-09-04T05:03:36.830Z] >>> [apiv2][body] POST https://cloudresourcemanager.googleapis.com/v1/projects/uran-48e06:testIamPermissions {"permissions":["cloudfunctions.functions.create","cloudfunctions.functions.delete","cloudfunctions.functions.get","cloudfunctions.functions.list","cloudfunctions.functions.update","cloudfunctions.operations.get","firebase.projects.get"]}
[debug] [2026-09-04T05:03:37.803Z] <<< [apiv2][status] POST https://cloudresourcemanager.googleapis.com/v1/projects/uran-48e06:testIamPermissions 200
[debug] [2026-09-04T05:03:37.803Z] <<< [apiv2][body] POST https://cloudresourcemanager.googleapis.com/v1/projects/uran-48e06:testIamPermissions {"permissions":["cloudfunctions.functions.create","cloudfunctions.functions.delete","cloudfunctions.functions.get","cloudfunctions.functions.list","cloudfunctions.functions.update","cloudfunctions.operations.get","firebase.projects.get"]}
[debug] [2026-09-04T05:03:37.804Z] Checked if tokens are valid: true, expires at: 1788499848484
[debug] [2026-09-04T05:03:37.804Z] Checked if tokens are valid: true, expires at: 1788499848484
[debug] [2026-09-04T05:03:37.804Z] >>> [apiv2][query] POST https://iam.googleapis.com/v1/projects/uran-48e06/serviceAccounts/uran-48e06@appspot.gserviceaccount.com:testIamPermissions [none]
[debug] [2026-09-04T05:03:37.804Z] >>> [apiv2][body] POST https://iam.googleapis.com/v1/projects/uran-48e06/serviceAccounts/uran-48e06@appspot.gserviceaccount.com:testIamPermissions {"permissions":["iam.serviceAccounts.actAs"]}
[debug] [2026-09-04T05:03:38.965Z] <<< [apiv2][status] POST https://iam.googleapis.com/v1/projects/uran-48e06/serviceAccounts/uran-48e06@appspot.gserviceaccount.com:testIamPermissions 200
[debug] [2026-09-04T05:03:38.965Z] <<< [apiv2][body] POST https://iam.googleapis.com/v1/projects/uran-48e06/serviceAccounts/uran-48e06@appspot.gserviceaccount.com:testIamPermissions {"permissions":["iam.serviceAccounts.actAs"]}
[info] 
[info] === Deploying to 'uran-48e06'...
[info] 
[info] i  deploying functions 
[info] Running command: npm --prefix "$RESOURCE_DIR" run build
[info] +  functions: Finished running predeploy script. 
[debug] [2026-09-04T05:03:42.562Z] Checked if tokens are valid: true, expires at: 1788499848484
[debug] [2026-09-04T05:03:42.563Z] Checked if tokens are valid: true, expires at: 1788499848484
[debug] [2026-09-04T05:03:42.563Z] >>> [apiv2][query] GET https://cloudresourcemanager.googleapis.com/v1/projects/uran-48e06 [none]
[debug] [2026-09-04T05:03:43.529Z] <<< [apiv2][status] GET https://cloudresourcemanager.googleapis.com/v1/projects/uran-48e06 200
[debug] [2026-09-04T05:03:43.530Z] <<< [apiv2][body] GET https://cloudresourcemanager.googleapis.com/v1/projects/uran-48e06 {"projectNumber":"1072473959382","projectId":"uran-48e06","lifecycleState":"ACTIVE","name":"uran","labels":{"firebase":"enabled","firebase-core":"disabled"},"createTime":"2026-08-01T08:38:18.108Z"}
[info] i  functions: preparing codebase default for deployment 
[info] i  functions: ensuring required API cloudfunctions.googleapis.com is enabled... 
[info] i  functions: ensuring required API cloudbuild.googleapis.com is enabled... 
[info] i  artifactregistry: ensuring required API artifactregistry.googleapis.com is enabled... 
[debug] [2026-09-04T05:03:43.535Z] Checked if tokens are valid: true, expires at: 1788499848484
[debug] [2026-09-04T05:03:43.535Z] Checked if tokens are valid: true, expires at: 1788499848484
[debug] [2026-09-04T05:03:43.535Z] >>> [apiv2][query] GET https://firebase.googleapis.com/v1beta1/projects/uran-48e06/adminSdkConfig [none]
[debug] [2026-09-04T05:03:43.916Z] <<< [apiv2][status] GET https://firebase.googleapis.com/v1beta1/projects/uran-48e06/adminSdkConfig 200
[debug] [2026-09-04T05:03:43.916Z] <<< [apiv2][body] GET https://firebase.googleapis.com/v1beta1/projects/uran-48e06/adminSdkConfig {"projectId":"uran-48e06","databaseURL":"https://uran-48e06-default-rtdb.asia-southeast1.firebasedatabase.app","storageBucket":"uran-48e06.firebasestorage.app"}
[debug] [2026-09-04T05:03:43.919Z] Validating nodejs source
[debug] [2026-09-04T05:03:44.971Z] > [functions] package.json contents: {
  "name": "functions",
  "scripts": {
    "build": "tsc",
    "build:watch": "tsc --watch",
    "serve": "npm run build && firebase emulators:start --only functions",
    "shell": "npm run build && firebase functions:shell",
    "start": "npm run shell",
    "deploy": "firebase deploy --only functions",
    "logs": "firebase functions:log"
  },
  "engines": {
    "node": "24"
  },
  "main": "lib/index.js",
  "dependencies": {
    "firebase-admin": "^13.6.0",
    "firebase-functions": "^7.0.0"
  },
  "devDependencies": {
    "typescript": "^6.0.0",
    "firebase-functions-test": "^3.4.1"
  },
  "private": true
}
[debug] [2026-09-04T05:03:44.971Z] Building nodejs source
[info] i  functions: Loading and analyzing source code for codebase default to determine what to deploy 
[debug] [2026-09-04T05:03:44.973Z] Could not find functions.yaml. Must use http discovery
[debug] [2026-09-04T05:03:44.985Z] Found firebase-functions binary at 'D:\mobile\uran\functions\node_modules\.bin\firebase-functions'
[info] Serving at port 8744

[debug] [2026-09-04T05:03:45.514Z] Got response from /__/functions.yaml {"endpoints":{"refreshWeatherForecast":{"availableMemoryMb":null,"timeoutSeconds":null,"minInstances":null,"maxInstances":null,"ingressSettings":null,"concurrency":null,"serviceAccountEmail":null,"vpc":null,"platform":"gcfv2","secretEnvironmentVariables":[{"key":"TOMORROW_API_KEY"}],"labels":{},"scheduleTrigger":{"schedule":"every 30 minutes","retryConfig":{}},"entryPoint":"refreshWeatherForecast"},"forecastOnDeviceCreate":{"availableMemoryMb":null,"timeoutSeconds":null,"minInstances":null,"maxInstances":null,"ingressSettings":null,"concurrency":null,"serviceAccountEmail":null,"vpc":null,"platform":"gcfv2","region":["asia-southeast1"],"secretEnvironmentVariables":[{"key":"TOMORROW_API_KEY"}],"labels":{},"eventTrigger":{"eventType":"google.firebase.database.ref.v1.created","eventFilters":{},"eventFilterPathPatterns":{"ref":"users/{uid}/devices/{deviceId}","instance":"*"},"retry":false},"entryPoint":"forecastOnDeviceCreate"},"forecastOnDeviceUpdate":{"availableMemoryMb":null,"timeoutSeconds":null,"minInstances":null,"maxInstances":null,"ingressSettings":null,"concurrency":null,"serviceAccountEmail":null,"vpc":null,"platform":"gcfv2","region":["asia-southeast1"],"secretEnvironmentVariables":[{"key":"TOMORROW_API_KEY"}],"labels":{},"eventTrigger":{"eventType":"google.firebase.database.ref.v1.updated","eventFilters":{},"eventFilterPathPatterns":{"ref":"users/{uid}/devices/{deviceId}","instance":"*"},"retry":false},"entryPoint":"forecastOnDeviceUpdate"},"notifyOnDeviceStatus":{"availableMemoryMb":null,"timeoutSeconds":null,"minInstances":null,"maxInstances":null,"ingressSettings":null,"concurrency":null,"serviceAccountEmail":null,"vpc":null,"platform":"gcfv2","region":["asia-southeast1"],"labels":{},"eventTrigger":{"eventType":"google.firebase.database.ref.v1.written","eventFilters":{},"eventFilterPathPatterns":{"ref":"devices/{deviceId}/latest/device_status","instance":"*"},"retry":false},"entryPoint":"notifyOnDeviceStatus"}},"specVersion":"v1alpha1","requiredAPIs":[{"api":"cloudscheduler.googleapis.com","reason":"Needed for scheduled functions."}],"extensions":{},"params":[{"type":"secret","name":"TOMORROW_API_KEY"}]}
[debug] [2026-09-04T05:03:48.562Z] Checked if tokens are valid: true, expires at: 1788499848484
[debug] [2026-09-04T05:03:48.562Z] Checked if tokens are valid: true, expires at: 1788499848484
[debug] [2026-09-04T05:03:48.562Z] >>> [apiv2][query] GET https://cloudfunctions.googleapis.com/v1/projects/uran-48e06/locations/-/functions [none]
[debug] [2026-09-04T05:03:49.437Z] <<< [apiv2][status] GET https://cloudfunctions.googleapis.com/v1/projects/uran-48e06/locations/-/functions 200
[debug] [2026-09-04T05:03:49.437Z] <<< [apiv2][body] GET https://cloudfunctions.googleapis.com/v1/projects/uran-48e06/locations/-/functions {}
[debug] [2026-09-04T05:03:49.437Z] Checked if tokens are valid: true, expires at: 1788499848484
[debug] [2026-09-04T05:03:49.437Z] Checked if tokens are valid: true, expires at: 1788499848484
[debug] [2026-09-04T05:03:49.438Z] >>> [apiv2][query] GET https://cloudfunctions.googleapis.com/v2/projects/uran-48e06/locations/-/functions filter=environment%3D%22GEN_2%22
[debug] [2026-09-04T05:03:50.876Z] <<< [apiv2][status] GET https://cloudfunctions.googleapis.com/v2/projects/uran-48e06/locations/-/functions 200
[debug] [2026-09-04T05:03:50.876Z] <<< [apiv2][body] GET https://cloudfunctions.googleapis.com/v2/projects/uran-48e06/locations/-/functions {"functions":[{"name":"projects/uran-48e06/locations/asia-southeast1/functions/forecastOnDeviceUpdate","buildConfig":{"build":"projects/1072473959382/locations/asia-southeast1/builds/321d8bea-3949-4d3c-81e8-2d7728fa23b7","runtime":"nodejs24","entryPoint":"forecastOnDeviceUpdate","source":{"storageSource":{"bucket":"gcf-v2-sources-1072473959382-asia-southeast1","object":"forecastOnDeviceUpdate/function-source.zip","generation":"1788497742942459"}},"environmentVariables":{"GOOGLE_NODE_RUN_SCRIPTS":""},"dockerRepository":"projects/uran-48e06/locations/asia-southeast1/repositories/gcf-artifacts","sourceProvenance":{"resolvedStorageSource":{"bucket":"gcf-v2-sources-1072473959382-asia-southeast1","object":"forecastOnDeviceUpdate/function-source.zip","generation":"1788497742942459"}},"dockerRegistry":"ARTIFACT_REGISTRY","serviceAccount":"projects/uran-48e06/serviceAccounts/1072473959382-compute@developer.gserviceaccount.com","automaticUpdatePolicy":{}},"serviceConfig":{"service":"projects/uran-48e06/locations/asia-southeast1/services/forecastondeviceupdate","timeoutSeconds":60,"environmentVariables":{"FIREBASE_CONFIG":"{\"projectId\":\"uran-48e06\",\"databaseURL\":\"https://uran-48e06-default-rtdb.asia-southeast1.firebasedatabase.app\",\"storageBucket\":\"uran-48e06.firebasestorage.app\"}","GCLOUD_PROJECT":"uran-48e06","EVENTARC_CLOUD_EVENT_SOURCE":"projects/uran-48e06/locations/asia-southeast1/services/forecastOnDeviceUpdate","FUNCTION_REGION":"asia-southeast1","FUNCTION_SIGNATURE_TYPE":"cloudevent","FUNCTION_TARGET":"forecastOnDeviceUpdate","LOG_EXECUTION_ID":"true"},"ingressSettings":"ALLOW_ALL","uri":"https://forecastondeviceupdate-gi2vdmawga-as.a.run.app","serviceAccountEmail":"1072473959382-compute@developer.gserviceaccount.com","availableMemory":"256Mi","allTrafficOnLatestRevision":true,"secretEnvironmentVariables":[{"key":"TOMORROW_API_KEY","projectId":"uran-48e06","secret":"TOMORROW_API_KEY","version":"1"}],"revision":"forecastondeviceupdate-00001-huf","maxInstanceRequestConcurrency":80,"availableCpu":"1"},"eventTrigger":{"trigger":"projects/uran-48e06/locations/asia-southeast1/triggers/forecastondeviceupdate-487097","triggerRegion":"asia-southeast1","eventType":"google.firebase.database.ref.v1.updated","eventFilters":[{"attribute":"instance","value":"*","operator":"match-path-pattern"},{"attribute":"ref","value":"users/{uid}/devices/{deviceId}","operator":"match-path-pattern"}],"pubsubTopic":"projects/uran-48e06/topics/eventarc-asia-southeast1-forecastondeviceupdate-487097-498","serviceAccountEmail":"1072473959382-compute@developer.gserviceaccount.com","retryPolicy":"RETRY_POLICY_DO_NOT_RETRY"},"state":"ACTIVE","updateTime":"2026-09-04T05:00:02.970225673Z","labels":{"firebase-functions-hash":"a8dbf0d9a66309ac4e6189bb7e884e07c7dcf18c","deployment-tool":"cli-firebase"},"environment":"GEN_2","url":"https://asia-southeast1-uran-48e06.cloudfunctions.net/forecastOnDeviceUpdate","satisfiesPzs":true,"createTime":"2026-09-04T04:55:43.588303510Z","satisfiesPzi":true},{"name":"projects/uran-48e06/locations/asia-southeast1/functions/notifyOnDeviceStatus","buildConfig":{"build":"projects/1072473959382/locations/asia-southeast1/builds/74abaeaa-0be9-43e1-8f63-93d95a3fa626","runtime":"nodejs24","entryPoint":"notifyOnDeviceStatus","source":{"storageSource":{"bucket":"gcf-v2-sources-1072473959382-asia-southeast1","object":"notifyOnDeviceStatus/function-source.zip","generation":"1788496892509631"}},"environmentVariables":{"GOOGLE_NODE_RUN_SCRIPTS":""},"dockerRepository":"projects/uran-48e06/locations/asia-southeast1/repositories/gcf-artifacts","sourceProvenance":{"resolvedStorageSource":{"bucket":"gcf-v2-sources-1072473959382-asia-southeast1","object":"notifyOnDeviceStatus/function-source.zip","generation":"1788496892509631"}},"dockerRegistry":"ARTIFACT_REGISTRY","serviceAccount":"projects/uran-48e06/serviceAccounts/1072473959382-compute@developer.gserviceaccount.com","automaticUpdatePolicy":{}},"serviceConfig":{"service":"projects/uran-48e06/locations/asia-southeast1/services/notifyondevicestatus","timeoutSeconds":60,"environmentVariables":{"FIREBASE_CONFIG":"{\"projectId\":\"uran-48e06\",\"databaseURL\":\"https://uran-48e06-default-rtdb.asia-southeast1.firebasedatabase.app\",\"storageBucket\":\"uran-48e06.firebasestorage.app\"}","GCLOUD_PROJECT":"uran-48e06","EVENTARC_CLOUD_EVENT_SOURCE":"projects/uran-48e06/locations/asia-southeast1/services/notifyOnDeviceStatus","FUNCTION_REGION":"asia-southeast1","FUNCTION_SIGNATURE_TYPE":"cloudevent","FUNCTION_TARGET":"notifyOnDeviceStatus","LOG_EXECUTION_ID":"true"},"ingressSettings":"ALLOW_ALL","uri":"https://notifyondevicestatus-gi2vdmawga-as.a.run.app","serviceAccountEmail":"1072473959382-compute@developer.gserviceaccount.com","availableMemory":"256Mi","allTrafficOnLatestRevision":true,"revision":"notifyondevicestatus-00001-vum","maxInstanceRequestConcurrency":80,"availableCpu":"1"},"eventTrigger":{"trigger":"projects/uran-48e06/locations/asia-southeast1/triggers/notifyondevicestatus-063338","triggerRegion":"asia-southeast1","eventType":"google.firebase.database.ref.v1.written","eventFilters":[{"attribute":"ref","value":"devices/{deviceId}/latest/device_status","operator":"match-path-pattern"},{"attribute":"instance","value":"*","operator":"match-path-pattern"}],"pubsubTopic":"projects/uran-48e06/topics/eventarc-asia-southeast1-notifyondevicestatus-063338-399","serviceAccountEmail":"1072473959382-compute@developer.gserviceaccount.com","retryPolicy":"RETRY_POLICY_DO_NOT_RETRY"},"state":"ACTIVE","updateTime":"2026-09-04T04:45:57.327264808Z","labels":{"firebase-functions-hash":"f347610c84073a7fe5969cd7e026a6e470496a80","deployment-tool":"cli-firebase"},"environment":"GEN_2","url":"https://asia-southeast1-uran-48e06.cloudfunctions.net/notifyOnDeviceStatus","satisfiesPzs":true,"createTime":"2026-09-04T04:41:35.454226933Z","satisfiesPzi":true},{"name":"projects/uran-48e06/locations/us-central1/functions/refreshWeatherForecast","buildConfig":{"build":"projects/1072473959382/locations/us-central1/builds/15eeac4d-560f-475e-b060-c9b6fd2d1a99","runtime":"nodejs24","entryPoint":"refreshWeatherForecast","source":{"storageSource":{"bucket":"gcf-v2-sources-1072473959382-us-central1","object":"refreshWeatherForecast/function-source.zip","generation":"1787057454041687"}},"environmentVariables":{"GOOGLE_NODE_RUN_SCRIPTS":""},"dockerRepository":"projects/uran-48e06/locations/us-central1/repositories/gcf-artifacts","sourceProvenance":{"resolvedStorageSource":{"bucket":"gcf-v2-sources-1072473959382-us-central1","object":"refreshWeatherForecast/function-source.zip","generation":"1787057454041687"}},"dockerRegistry":"ARTIFACT_REGISTRY","serviceAccount":"projects/uran-48e06/serviceAccounts/1072473959382-compute@developer.gserviceaccount.com","automaticUpdatePolicy":{}},"serviceConfig":{"service":"projects/uran-48e06/locations/us-central1/services/refreshweatherforecast","timeoutSeconds":60,"environmentVariables":{"FIREBASE_CONFIG":"{\"projectId\":\"uran-48e06\",\"databaseURL\":\"https://uran-48e06-default-rtdb.asia-southeast1.firebasedatabase.app\",\"storageBucket\":\"uran-48e06.firebasestorage.app\"}","GCLOUD_PROJECT":"uran-48e06","EVENTARC_CLOUD_EVENT_SOURCE":"projects/uran-48e06/locations/us-central1/services/refreshWeatherForecast","FUNCTION_REGION":"us-central1","FUNCTION_TARGET":"refreshWeatherForecast","LOG_EXECUTION_ID":"true"},"maxInstanceCount":20,"ingressSettings":"ALLOW_ALL","uri":"https://refreshweatherforecast-gi2vdmawga-uc.a.run.app","serviceAccountEmail":"1072473959382-compute@developer.gserviceaccount.com","availableMemory":"256Mi","allTrafficOnLatestRevision":true,"secretEnvironmentVariables":[{"key":"TOMORROW_API_KEY","projectId":"uran-48e06","secret":"TOMORROW_API_KEY","version":"1"}],"revision":"refreshweatherforecast-00004-pax","maxInstanceRequestConcurrency":80,"availableCpu":"1"},"state":"ACTIVE","updateTime":"2026-08-18T12:52:27.760813880Z","labels":{"deployment-tool":"cli-firebase","deployment-scheduled":"true","firebase-functions-hash":"5ee9d5f7c093338cef46359900ad6ae2490b277f"},"environment":"GEN_2","url":"https://us-central1-uran-48e06.cloudfunctions.net/refreshWeatherForecast","createTime":"2026-08-17T10:52:31.641771244Z","satisfiesPzi":true}]}
[info] i  extensions: ensuring required API firebaseextensions.googleapis.com is enabled... 
[debug] [2026-09-04T05:03:50.881Z] > command requires scopes: ["email","openid","https://www.googleapis.com/auth/cloudplatformprojects.readonly","https://www.googleapis.com/auth/firebase","https://www.googleapis.com/auth/cloud-platform"]
[debug] [2026-09-04T05:03:50.881Z] > authorizing via signed-in user (reyesmichaelph@gmail.com)
[debug] [2026-09-04T05:03:50.881Z] [iam] checking project uran-48e06 for permissions ["firebase.projects.get","firebaseextensions.instances.list"]
[debug] [2026-09-04T05:03:50.881Z] Checked if tokens are valid: true, expires at: 1788499848484
[debug] [2026-09-04T05:03:50.881Z] Checked if tokens are valid: true, expires at: 1788499848484
[debug] [2026-09-04T05:03:50.881Z] >>> [apiv2][query] POST https://cloudresourcemanager.googleapis.com/v1/projects/uran-48e06:testIamPermissions [none]
[debug] [2026-09-04T05:03:50.881Z] >>> [apiv2][(partial)header] POST https://cloudresourcemanager.googleapis.com/v1/projects/uran-48e06:testIamPermissions  x-goog-user-project=uran-48e06
[debug] [2026-09-04T05:03:50.881Z] >>> [apiv2][body] POST https://cloudresourcemanager.googleapis.com/v1/projects/uran-48e06:testIamPermissions {"permissions":["firebase.projects.get","firebaseextensions.instances.list"]}
[debug] [2026-09-04T05:03:51.779Z] <<< [apiv2][status] POST https://cloudresourcemanager.googleapis.com/v1/projects/uran-48e06:testIamPermissions 200
[debug] [2026-09-04T05:03:51.779Z] <<< [apiv2][body] POST https://cloudresourcemanager.googleapis.com/v1/projects/uran-48e06:testIamPermissions {"permissions":["firebase.projects.get","firebaseextensions.instances.list"]}
[debug] [2026-09-04T05:03:51.780Z] Checked if tokens are valid: true, expires at: 1788499848484
[debug] [2026-09-04T05:03:51.780Z] Checked if tokens are valid: true, expires at: 1788499848484
[debug] [2026-09-04T05:03:51.781Z] >>> [apiv2][query] GET https://firebaseextensions.googleapis.com/v1beta/projects/uran-48e06/instances pageSize=100&pageToken=
[debug] [2026-09-04T05:03:52.864Z] <<< [apiv2][status] GET https://firebaseextensions.googleapis.com/v1beta/projects/uran-48e06/instances 200
[debug] [2026-09-04T05:03:52.865Z] <<< [apiv2][body] GET https://firebaseextensions.googleapis.com/v1beta/projects/uran-48e06/instances {}
[debug] [2026-09-04T05:03:52.867Z] Attempting to merge .env secret bindings {} into declared secrets...)}
[debug] [2026-09-04T05:03:52.868Z] refreshWeatherForecast declared secrets: [{"key":"TOMORROW_API_KEY","secret":"TOMORROW_API_KEY","projectId":"uran-48e06"}]
[debug] [2026-09-04T05:03:52.868Z] forecastOnDeviceCreate declared secrets: [{"key":"TOMORROW_API_KEY","secret":"TOMORROW_API_KEY","projectId":"uran-48e06"}]
[debug] [2026-09-04T05:03:52.868Z] forecastOnDeviceUpdate declared secrets: [{"key":"TOMORROW_API_KEY","secret":"TOMORROW_API_KEY","projectId":"uran-48e06"}]
[debug] [2026-09-04T05:03:52.868Z] notifyOnDeviceStatus declared secrets: undefined
[debug] [2026-09-04T05:03:52.868Z] Checked if tokens are valid: true, expires at: 1788499848484
[debug] [2026-09-04T05:03:52.868Z] Checked if tokens are valid: true, expires at: 1788499848484
[debug] [2026-09-04T05:03:52.868Z] >>> [apiv2][query] GET https://secretmanager.googleapis.com/v1/projects/uran-48e06/secrets/TOMORROW_API_KEY [none]
[debug] [2026-09-04T05:03:53.223Z] <<< [apiv2][status] GET https://secretmanager.googleapis.com/v1/projects/uran-48e06/secrets/TOMORROW_API_KEY 200
[debug] [2026-09-04T05:03:53.223Z] <<< [apiv2][body] GET https://secretmanager.googleapis.com/v1/projects/uran-48e06/secrets/TOMORROW_API_KEY {"name":"projects/1072473959382/secrets/TOMORROW_API_KEY","replication":{"automatic":{}},"createTime":"2026-08-17T08:19:31.240377Z","labels":{"firebase-managed":"functions"},"etag":"\"165939d470d39e\""}
[debug] [2026-09-04T05:03:53.224Z] Checked if tokens are valid: true, expires at: 1788499848484
[debug] [2026-09-04T05:03:53.224Z] Checked if tokens are valid: true, expires at: 1788499848484
[debug] [2026-09-04T05:03:53.225Z] >>> [apiv2][query] GET https://secretmanager.googleapis.com/v1/projects/uran-48e06/secrets/TOMORROW_API_KEY/versions/latest [none]
[debug] [2026-09-04T05:03:53.464Z] <<< [apiv2][status] GET https://secretmanager.googleapis.com/v1/projects/uran-48e06/secrets/TOMORROW_API_KEY/versions/latest 200
[debug] [2026-09-04T05:03:53.464Z] <<< [apiv2][body] GET https://secretmanager.googleapis.com/v1/projects/uran-48e06/secrets/TOMORROW_API_KEY/versions/latest {"name":"projects/1072473959382/secrets/TOMORROW_API_KEY/versions/1","createTime":"2026-08-17T08:20:04.035756Z","state":"ENABLED","replicationStatus":{"automatic":{}},"etag":"\"165939d65300ac\""}
[info] i  functions: preparing functions directory for uploading... 
[info] i  functions: packaged D:\mobile\uran\functions (80.72 KB) for uploading 
[info] i  functions: ensuring required API cloudscheduler.googleapis.com is enabled... 
[info] i  functions: ensuring required API run.googleapis.com is enabled... 
[info] i  functions: ensuring required API eventarc.googleapis.com is enabled... 
[info] i  functions: ensuring required API pubsub.googleapis.com is enabled... 
[info] i  functions: ensuring required API storage.googleapis.com is enabled... 
[info] i  functions: generating the service identity for pubsub.googleapis.com... 
[debug] [2026-09-04T05:03:53.533Z] Checked if tokens are valid: true, expires at: 1788499848484
[debug] [2026-09-04T05:03:53.533Z] Checked if tokens are valid: true, expires at: 1788499848484
[info] i  functions: generating the service identity for eventarc.googleapis.com... 
[debug] [2026-09-04T05:03:53.533Z] Checked if tokens are valid: true, expires at: 1788499848484
[debug] [2026-09-04T05:03:53.533Z] Checked if tokens are valid: true, expires at: 1788499848484
[debug] [2026-09-04T05:03:53.533Z] >>> [apiv2][query] POST https://serviceusage.googleapis.com/v1beta1/projects/1072473959382/services/pubsub.googleapis.com:generateServiceIdentity [none]
[debug] [2026-09-04T05:03:53.533Z] >>> [apiv2][(partial)header] POST https://serviceusage.googleapis.com/v1beta1/projects/1072473959382/services/pubsub.googleapis.com:generateServiceIdentity  x-goog-user-project=1072473959382
[debug] [2026-09-04T05:03:53.533Z] >>> [apiv2][body] POST https://serviceusage.googleapis.com/v1beta1/projects/1072473959382/services/pubsub.googleapis.com:generateServiceIdentity {}
[debug] [2026-09-04T05:03:53.534Z] >>> [apiv2][query] POST https://serviceusage.googleapis.com/v1beta1/projects/1072473959382/services/eventarc.googleapis.com:generateServiceIdentity [none]
[debug] [2026-09-04T05:03:53.534Z] >>> [apiv2][(partial)header] POST https://serviceusage.googleapis.com/v1beta1/projects/1072473959382/services/eventarc.googleapis.com:generateServiceIdentity  x-goog-user-project=1072473959382
[debug] [2026-09-04T05:03:53.534Z] >>> [apiv2][body] POST https://serviceusage.googleapis.com/v1beta1/projects/1072473959382/services/eventarc.googleapis.com:generateServiceIdentity {}
[debug] [2026-09-04T05:03:54.811Z] <<< [apiv2][status] POST https://serviceusage.googleapis.com/v1beta1/projects/1072473959382/services/pubsub.googleapis.com:generateServiceIdentity 200
[debug] [2026-09-04T05:03:54.812Z] <<< [apiv2][body] POST https://serviceusage.googleapis.com/v1beta1/projects/1072473959382/services/pubsub.googleapis.com:generateServiceIdentity {"name":"operations/finished.DONE_OPERATION","done":true,"response":{"@type":"type.googleapis.com/google.api.serviceusage.v1beta1.ServiceIdentity","email":"service-1072473959382@gcp-sa-pubsub.iam.gserviceaccount.com","uniqueId":"102825316999730769988"}}
[debug] [2026-09-04T05:03:54.865Z] <<< [apiv2][status] POST https://serviceusage.googleapis.com/v1beta1/projects/1072473959382/services/eventarc.googleapis.com:generateServiceIdentity 200
[debug] [2026-09-04T05:03:54.865Z] <<< [apiv2][body] POST https://serviceusage.googleapis.com/v1beta1/projects/1072473959382/services/eventarc.googleapis.com:generateServiceIdentity {"name":"operations/finished.DONE_OPERATION","done":true,"response":{"@type":"type.googleapis.com/google.api.serviceusage.v1beta1.ServiceIdentity","email":"service-1072473959382@gcp-sa-eventarc.iam.gserviceaccount.com","uniqueId":"106252915345354229070"}}
[info] i  functions: ensuring required API secretmanager.googleapis.com is enabled... 
[debug] [2026-09-04T05:03:54.867Z] Checked if tokens are valid: true, expires at: 1788499848484
[debug] [2026-09-04T05:03:54.868Z] Checked if tokens are valid: true, expires at: 1788499848484
[debug] [2026-09-04T05:03:54.868Z] >>> [apiv2][query] GET https://secretmanager.googleapis.com/v1/projects/uran-48e06/secrets/TOMORROW_API_KEY/versions/latest [none]
[debug] [2026-09-04T05:03:55.107Z] <<< [apiv2][status] GET https://secretmanager.googleapis.com/v1/projects/uran-48e06/secrets/TOMORROW_API_KEY/versions/latest 200
[debug] [2026-09-04T05:03:55.107Z] <<< [apiv2][body] GET https://secretmanager.googleapis.com/v1/projects/uran-48e06/secrets/TOMORROW_API_KEY/versions/latest {"name":"projects/1072473959382/secrets/TOMORROW_API_KEY/versions/1","createTime":"2026-08-17T08:20:04.035756Z","state":"ENABLED","replicationStatus":{"automatic":{}},"etag":"\"165939d65300ac\""}
[debug] [2026-09-04T05:03:55.107Z] Resolved latest secret version of TOMORROW_API_KEY to 1.
[debug] [2026-09-04T05:03:55.109Z] Checked if tokens are valid: true, expires at: 1788499848484
[debug] [2026-09-04T05:03:55.109Z] Checked if tokens are valid: true, expires at: 1788499848484
[debug] [2026-09-04T05:03:55.110Z] >>> [apiv2][query] GET https://cloudresourcemanager.googleapis.com/v1/projects/uran-48e06 [none]
[debug] [2026-09-04T05:03:55.345Z] <<< [apiv2][status] GET https://cloudresourcemanager.googleapis.com/v1/projects/uran-48e06 200
[debug] [2026-09-04T05:03:55.345Z] <<< [apiv2][body] GET https://cloudresourcemanager.googleapis.com/v1/projects/uran-48e06 {"projectNumber":"1072473959382","projectId":"uran-48e06","lifecycleState":"ACTIVE","name":"uran","labels":{"firebase":"enabled","firebase-core":"disabled"},"createTime":"2026-08-01T08:38:18.108Z"}
[debug] [2026-09-04T05:03:55.345Z] Checked if tokens are valid: true, expires at: 1788499848484
[debug] [2026-09-04T05:03:55.345Z] Checked if tokens are valid: true, expires at: 1788499848484
[debug] [2026-09-04T05:03:55.345Z] >>> [apiv2][query] GET https://compute.googleapis.com/compute/v1/projects/1072473959382 [none]
[debug] [2026-09-04T05:03:56.667Z] <<< [apiv2][status] GET https://compute.googleapis.com/compute/v1/projects/1072473959382 403
[debug] [2026-09-04T05:03:56.667Z] <<< [apiv2][body] GET https://compute.googleapis.com/compute/v1/projects/1072473959382 {"error":{"code":403,"message":"Compute Engine API has not been used in project 1072473959382 before or it is disabled. Enable it by visiting https://console.developers.google.com/apis/api/compute.googleapis.com/overview?project=1072473959382 then retry. If you enabled this API recently, wait a few minutes for the action to propagate to our systems and retry.","errors":[{"message":"Compute Engine API has not been used in project 1072473959382 before or it is disabled. Enable it by visiting https://console.developers.google.com/apis/api/compute.googleapis.com/overview?project=1072473959382 then retry. If you enabled this API recently, wait a few minutes for the action to propagate to our systems and retry.","domain":"usageLimits","reason":"accessNotConfigured","extendedHelp":"https://console.developers.google.com"}],"status":"PERMISSION_DENIED","details":[{"@type":"type.googleapis.com/google.rpc.ErrorInfo","reason":"SERVICE_DISABLED","domain":"googleapis.com","metadata":{"activationUrl":"https://console.developers.google.com/apis/api/compute.googleapis.com/overview?project=1072473959382","service":"compute.googleapis.com","serviceTitle":"Compute Engine API","consumer":"projects/1072473959382","containerInfo":"1072473959382"}},{"@type":"type.googleapis.com/google.rpc.LocalizedMessage","locale":"en-US","message":"Compute Engine API has not been used in project 1072473959382 before or it is disabled. Enable it by visiting https://console.developers.google.com/apis/api/compute.googleapis.com/overview?project=1072473959382 then retry. If you enabled this API recently, wait a few minutes for the action to propagate to our systems and retry."},{"@type":"type.googleapis.com/google.rpc.Help","links":[{"description":"Google developers console API activation","url":"https://console.developers.google.com/apis/api/compute.googleapis.com/overview?project=1072473959382"}]}]}}
[debug] [2026-09-04T05:03:56.668Z] unable to look up default compute service account. Falling back to 1072473959382-compute@developer.gserviceaccount.com. Error: {"name":"FirebaseError","children":[],"context":{"body":{"error":{"code":403,"message":"Compute Engine API has not been used in project 1072473959382 before or it is disabled. Enable it by visiting https://console.developers.google.com/apis/api/compute.googleapis.com/overview?project=1072473959382 then retry. If you enabled this API recently, wait a few minutes for the action to propagate to our systems and retry.","errors":[{"message":"Compute Engine API has not been used in project 1072473959382 before or it is disabled. Enable it by visiting https://console.developers.google.com/apis/api/compute.googleapis.com/overview?project=1072473959382 then retry. If you enabled this API recently, wait a few minutes for the action to propagate to our systems and retry.","domain":"usageLimits","reason":"accessNotConfigured","extendedHelp":"https://console.developers.google.com"}],"status":"PERMISSION_DENIED","details":[{"@type":"type.googleapis.com/google.rpc.ErrorInfo","reason":"SERVICE_DISABLED","domain":"googleapis.com","metadata":{"activationUrl":"https://console.developers.google.com/apis/api/compute.googleapis.com/overview?project=1072473959382","service":"compute.googleapis.com","serviceTitle":"Compute Engine API","consumer":"projects/1072473959382","containerInfo":"1072473959382"}},{"@type":"type.googleapis.com/google.rpc.LocalizedMessage","locale":"en-US","message":"Compute Engine API has not been used in project 1072473959382 before or it is disabled. Enable it by visiting https://console.developers.google.com/apis/api/compute.googleapis.com/overview?project=1072473959382 then retry. If you enabled this API recently, wait a few minutes for the action to propagate to our systems and retry."},{"@type":"type.googleapis.com/google.rpc.Help","links":[{"description":"Google developers console API activation","url":"https://console.developers.google.com/apis/api/compute.googleapis.com/overview?project=1072473959382"}]}]}},"response":{"statusCode":403}},"exit":1,"message":"Request to https://compute.googleapis.com/compute/v1/projects/1072473959382 had HTTP Error: 403, Compute Engine API has not been used in project 1072473959382 before or it is disabled. Enable it by visiting https://console.developers.google.com/apis/api/compute.googleapis.com/overview?project=1072473959382 then retry. If you enabled this API recently, wait a few minutes for the action to propagate to our systems and retry.","status":403}
[debug] [2026-09-04T05:03:56.672Z] Checked if tokens are valid: true, expires at: 1788499848484
[debug] [2026-09-04T05:03:56.672Z] Checked if tokens are valid: true, expires at: 1788499848484
[debug] [2026-09-04T05:03:56.672Z] >>> [apiv2][query] GET https://cloudbilling.googleapis.com/v1/projects/uran-48e06/billingInfo [none]
[debug] [2026-09-04T05:03:56.672Z] >>> [apiv2][(partial)header] GET https://cloudbilling.googleapis.com/v1/projects/uran-48e06/billingInfo  x-goog-user-project=uran-48e06
[debug] [2026-09-04T05:03:57.846Z] <<< [apiv2][status] GET https://cloudbilling.googleapis.com/v1/projects/uran-48e06/billingInfo 200
[debug] [2026-09-04T05:03:57.847Z] <<< [apiv2][body] GET https://cloudbilling.googleapis.com/v1/projects/uran-48e06/billingInfo {"name":"projects/uran-48e06/billingInfo","projectId":"uran-48e06","billingAccountName":"billingAccounts/01854C-A46FA1-A992B2","billingEnabled":true}
[debug] [2026-09-04T05:03:57.850Z] Checked if tokens are valid: true, expires at: 1788499848484
[debug] [2026-09-04T05:03:57.850Z] Checked if tokens are valid: true, expires at: 1788499848484
[debug] [2026-09-04T05:03:57.850Z] >>> [apiv2][query] POST https://cloudfunctions.googleapis.com/v2/projects/uran-48e06/locations/us-central1/functions:generateUploadUrl [none]
[debug] [2026-09-04T05:03:59.067Z] <<< [apiv2][status] POST https://cloudfunctions.googleapis.com/v2/projects/uran-48e06/locations/us-central1/functions:generateUploadUrl 200
[debug] [2026-09-04T05:03:59.068Z] <<< [apiv2][body] POST https://cloudfunctions.googleapis.com/v2/projects/uran-48e06/locations/us-central1/functions:generateUploadUrl {"uploadUrl":"https://storage.googleapis.com/gcf-v2-uploads-1072473959382.us-central1.cloudfunctions.appspot.com/a74d7298-8432-4ed2-ac44-bc931bf262e7.zip?GoogleAccessId=service-1072473959382@gcf-admin-robot.iam.gserviceaccount.com&Expires=1788500039&Signature=m%2B81%2Bih%2BLFCKw9CaFKWw9cEPeRRJ8MPSB33jsJx1sRR%2BvXIO7cmU6uy%2B8MSyYAUhWPz8ki6vaf6kpzNr2wK6JP5HmUN8h9MDDdCwB6ObCmrt%2B76v%2FJJnAs8uy0ohRqxFLolCXBeyUG5L2zQlEgjwLyCZJ3w3ew0m5S7hD5B5vm2SmmAf38%2Fag0hirxd%2B0Lth1gY2w47liNGMOJliI8e1mUWJenitZXL5X4EL4kekKgzaydActvNeiN%2FfzB3PntmRXqXzAD4DFdyacPcu6GpgNG0bZ%2FvguhH%2F7JXIvJvNkEFARHHgVDWJEUI6LkvMychL%2B%2FuENRaiiufGq0EUsf0TZw%3D%3D","storageSource":{"bucket":"gcf-v2-uploads-1072473959382.us-central1.cloudfunctions.appspot.com","object":"a74d7298-8432-4ed2-ac44-bc931bf262e7.zip"}}
[debug] [2026-09-04T05:03:59.068Z] >>> [apiv2][query] PUT https://storage.googleapis.com/gcf-v2-uploads-1072473959382.us-central1.cloudfunctions.appspot.com/a74d7298-8432-4ed2-ac44-bc931bf262e7.zip GoogleAccessId=service-1072473959382%40gcf-admin-robot.iam.gserviceaccount.com&Expires=1788500039&Signature=m%2B81%2Bih%2BLFCKw9CaFKWw9cEPeRRJ8MPSB33jsJx1sRR%2BvXIO7cmU6uy%2B8MSyYAUhWPz8ki6vaf6kpzNr2wK6JP5HmUN8h9MDDdCwB6ObCmrt%2B76v%2FJJnAs8uy0ohRqxFLolCXBeyUG5L2zQlEgjwLyCZJ3w3ew0m5S7hD5B5vm2SmmAf38%2Fag0hirxd%2B0Lth1gY2w47liNGMOJliI8e1mUWJenitZXL5X4EL4kekKgzaydActvNeiN%2FfzB3PntmRXqXzAD4DFdyacPcu6GpgNG0bZ%2FvguhH%2F7JXIvJvNkEFARHHgVDWJEUI6LkvMychL%2B%2FuENRaiiufGq0EUsf0TZw%3D%3D
[debug] [2026-09-04T05:03:59.068Z] >>> [apiv2][body] PUT https://storage.googleapis.com/gcf-v2-uploads-1072473959382.us-central1.cloudfunctions.appspot.com/a74d7298-8432-4ed2-ac44-bc931bf262e7.zip [stream]
[debug] [2026-09-04T05:03:59.812Z] <<< [apiv2][status] PUT https://storage.googleapis.com/gcf-v2-uploads-1072473959382.us-central1.cloudfunctions.appspot.com/a74d7298-8432-4ed2-ac44-bc931bf262e7.zip 200
[debug] [2026-09-04T05:03:59.812Z] <<< [apiv2][body] PUT https://storage.googleapis.com/gcf-v2-uploads-1072473959382.us-central1.cloudfunctions.appspot.com/a74d7298-8432-4ed2-ac44-bc931bf262e7.zip [omitted]
[info] +  functions: functions source uploaded successfully 
[info] i  functions: updating Node.js 24 (2nd Gen) function forecastOnDeviceUpdate(asia-southeast1)... 
[debug] [2026-09-04T05:03:59.817Z] Checked if tokens are valid: true, expires at: 1788499848484
[debug] [2026-09-04T05:03:59.817Z] Checked if tokens are valid: true, expires at: 1788499848484
[debug] [2026-09-04T05:03:59.817Z] >>> [apiv2][query] PATCH https://cloudfunctions.googleapis.com/v2/projects/uran-48e06/locations/asia-southeast1/functions/forecastOnDeviceUpdate updateMask=name%2CbuildConfig.runtime%2CbuildConfig.entryPoint%2CbuildConfig.source.storageSource.bucket%2CbuildConfig.source.storageSource.object%2CbuildConfig.environmentVariables%2CbuildConfig.sourceToken%2CserviceConfig.environmentVariables%2CserviceConfig.secretEnvironmentVariables%2CserviceConfig.ingressSettings%2CserviceConfig.timeoutSeconds%2CserviceConfig.serviceAccountEmail%2CserviceConfig.availableMemory%2CserviceConfig.minInstanceCount%2CserviceConfig.maxInstanceCount%2CserviceConfig.maxInstanceRequestConcurrency%2CserviceConfig.availableCpu%2CserviceConfig.vpcConnector%2CserviceConfig.vpcConnectorEgressSettings%2CserviceConfig.directVpcNetworkInterface%2CserviceConfig.directVpcEgress%2Clabels%2CeventTrigger.eventType%2CeventTrigger.retryPolicy%2CeventTrigger.eventFilters%2CeventTrigger.triggerRegion
[debug] [2026-09-04T05:03:59.817Z] >>> [apiv2][body] PATCH https://cloudfunctions.googleapis.com/v2/projects/uran-48e06/locations/asia-southeast1/functions/forecastOnDeviceUpdate {"name":"projects/uran-48e06/locations/asia-southeast1/functions/forecastOnDeviceUpdate","buildConfig":{"runtime":"nodejs24","entryPoint":"forecastOnDeviceUpdate","source":{"storageSource":{"bucket":"gcf-v2-uploads-1072473959382.us-central1.cloudfunctions.appspot.com","object":"a74d7298-8432-4ed2-ac44-bc931bf262e7.zip"}},"environmentVariables":{"GOOGLE_NODE_RUN_SCRIPTS":""}},"serviceConfig":{"environmentVariables":{"FIREBASE_CONFIG":"{\"projectId\":\"uran-48e06\",\"databaseURL\":\"https://uran-48e06-default-rtdb.asia-southeast1.firebasedatabase.app\",\"storageBucket\":\"uran-48e06.firebasestorage.app\"}","GCLOUD_PROJECT":"uran-48e06","EVENTARC_CLOUD_EVENT_SOURCE":"projects/uran-48e06/locations/asia-southeast1/services/forecastOnDeviceUpdate","FUNCTION_REGION":"asia-southeast1","FUNCTION_SIGNATURE_TYPE":"cloudevent","FUNCTION_TARGET":"forecastOnDeviceUpdate","LOG_EXECUTION_ID":"true"},"secretEnvironmentVariables":[{"key":"TOMORROW_API_KEY","secret":"TOMORROW_API_KEY","projectId":"uran-48e06","version":"1"}],"ingressSettings":null,"timeoutSeconds":null,"serviceAccountEmail":null,"availableMemory":"256Mi","minInstanceCount":null,"maxInstanceCount":null,"maxInstanceRequestConcurrency":80,"availableCpu":"1","vpcConnector":null,"vpcConnectorEgressSettings":null,"directVpcNetworkInterface":null,"directVpcEgress":null},"labels":{"deployment-tool":"cli-firebase","firebase-functions-hash":"a8dbf0d9a66309ac4e6189bb7e884e07c7dcf18c"},"eventTrigger":{"eventType":"google.firebase.database.ref.v1.updated","retryPolicy":"RETRY_POLICY_DO_NOT_RETRY","eventFilters":[{"attribute":"ref","value":"users/{uid}/devices/{deviceId}","operator":"match-path-pattern"},{"attribute":"instance","value":"*","operator":"match-path-pattern"}],"triggerRegion":"asia-southeast1"}}
[debug] [2026-09-04T05:04:02.254Z] <<< [apiv2][status] PATCH https://cloudfunctions.googleapis.com/v2/projects/uran-48e06/locations/asia-southeast1/functions/forecastOnDeviceUpdate 200
[debug] [2026-09-04T05:04:02.255Z] <<< [apiv2][body] PATCH https://cloudfunctions.googleapis.com/v2/projects/uran-48e06/locations/asia-southeast1/functions/forecastOnDeviceUpdate {"name":"projects/uran-48e06/locations/asia-southeast1/operations/operation-1788498240828-65aa132537331-82e8b4b7-32655f57","metadata":{"@type":"type.googleapis.com/google.cloud.functions.v2.OperationMetadata","createTime":"2026-09-04T05:04:03.117342962Z","target":"projects/uran-48e06/locations/asia-southeast1/functions/forecastOnDeviceUpdate","verb":"update","cancelRequested":false,"apiVersion":"v2"},"done":false}
[debug] [2026-09-04T05:04:02.256Z] Checked if tokens are valid: true, expires at: 1788499848484
[debug] [2026-09-04T05:04:02.256Z] Checked if tokens are valid: true, expires at: 1788499848484
[debug] [2026-09-04T05:04:02.256Z] >>> [apiv2][query] GET https://cloudfunctions.googleapis.com/v2/projects/uran-48e06/locations/asia-southeast1/operations/operation-1788498240828-65aa132537331-82e8b4b7-32655f57 [none]
[debug] [2026-09-04T05:04:02.604Z] <<< [apiv2][status] GET https://cloudfunctions.googleapis.com/v2/projects/uran-48e06/locations/asia-southeast1/operations/operation-1788498240828-65aa132537331-82e8b4b7-32655f57 200
[debug] [2026-09-04T05:04:02.605Z] <<< [apiv2][body] GET https://cloudfunctions.googleapis.com/v2/projects/uran-48e06/locations/asia-southeast1/operations/operation-1788498240828-65aa132537331-82e8b4b7-32655f57 {"name":"projects/uran-48e06/locations/asia-southeast1/operations/operation-1788498240828-65aa132537331-82e8b4b7-32655f57","metadata":{"@type":"type.googleapis.com/google.cloud.functions.v2.OperationMetadata","createTime":"2026-09-04T05:04:03.117342962Z","target":"projects/uran-48e06/locations/asia-southeast1/functions/forecastOnDeviceUpdate","verb":"update","cancelRequested":false,"apiVersion":"v2","requestResource":{"@type":"type.googleapis.com/google.cloud.functions.v2.Function","name":"projects/uran-48e06/locations/asia-southeast1/functions/forecastOnDeviceUpdate","buildConfig":{"runtime":"nodejs24","entryPoint":"forecastOnDeviceUpdate","source":{"storageSource":{"bucket":"gcf-v2-sources-1072473959382-asia-southeast1","object":"forecastOnDeviceUpdate/function-source.zip","generation":"1788498243060379"}},"environmentVariables":{"GOOGLE_NODE_RUN_SCRIPTS":""},"dockerRepository":"projects/uran-48e06/locations/asia-southeast1/repositories/gcf-artifacts","sourceProvenance":{"resolvedStorageSource":{"bucket":"gcf-v2-sources-1072473959382-asia-southeast1","object":"forecastOnDeviceUpdate/function-source.zip","generation":"1788497742942459"}},"dockerRegistry":"ARTIFACT_REGISTRY","serviceAccount":"projects/uran-48e06/serviceAccounts/1072473959382-compute@developer.gserviceaccount.com","automaticUpdatePolicy":{}},"serviceConfig":{"service":"projects/uran-48e06/locations/asia-southeast1/services/forecastondeviceupdate","timeoutSeconds":60,"environmentVariables":{"FIREBASE_CONFIG":"{\"projectId\":\"uran-48e06\",\"databaseURL\":\"https://uran-48e06-default-rtdb.asia-southeast1.firebasedatabase.app\",\"storageBucket\":\"uran-48e06.firebasestorage.app\"}","GCLOUD_PROJECT":"uran-48e06","EVENTARC_CLOUD_EVENT_SOURCE":"projects/uran-48e06/locations/asia-southeast1/services/forecastOnDeviceUpdate","FUNCTION_REGION":"asia-southeast1","FUNCTION_SIGNATURE_TYPE":"cloudevent","FUNCTION_TARGET":"forecastOnDeviceUpdate","LOG_EXECUTION_ID":"true"},"ingressSettings":"ALLOW_ALL","uri":"https://forecastondeviceupdate-gi2vdmawga-as.a.run.app","serviceAccountEmail":"1072473959382-compute@developer.gserviceaccount.com","availableMemory":"256Mi","allTrafficOnLatestRevision":true,"secretEnvironmentVariables":[{"key":"TOMORROW_API_KEY","projectId":"uran-48e06","secret":"TOMORROW_API_KEY","version":"1"}],"revision":"forecastondeviceupdate-00001-huf","maxInstanceRequestConcurrency":80,"availableCpu":"1"},"eventTrigger":{"trigger":"projects/uran-48e06/locations/asia-southeast1/triggers/forecastondeviceupdate-487097","triggerRegion":"asia-southeast1","eventType":"google.firebase.database.ref.v1.updated","eventFilters":[{"attribute":"ref","value":"users/{uid}/devices/{deviceId}","operator":"match-path-pattern"},{"attribute":"instance","value":"*","operator":"match-path-pattern"}],"pubsubTopic":"projects/uran-48e06/topics/eventarc-asia-southeast1-forecastondeviceupdate-487097-498","serviceAccountEmail":"1072473959382-compute@developer.gserviceaccount.com","retryPolicy":"RETRY_POLICY_DO_NOT_RETRY"},"state":"ACTIVE","labels":{"deployment-tool":"cli-firebase","firebase-functions-hash":"a8dbf0d9a66309ac4e6189bb7e884e07c7dcf18c"},"environment":"GEN_2","url":"https://asia-southeast1-uran-48e06.cloudfunctions.net/forecastOnDeviceUpdate","satisfiesPzs":true,"satisfiesPzi":true},"stages":[{"name":"BUILD","state":"NOT_STARTED"},{"name":"SERVICE","state":"NOT_STARTED"},{"name":"TRIGGER","state":"NOT_STARTED"}],"operationType":"UPDATE_FUNCTION"},"done":false}
[debug] [2026-09-04T05:04:03.112Z] [update-default-asia-southeast1-forecastOnDeviceUpdate] Retrying task index 0
[debug] [2026-09-04T05:04:03.112Z] Checked if tokens are valid: true, expires at: 1788499848484
[debug] [2026-09-04T05:04:03.112Z] Checked if tokens are valid: true, expires at: 1788499848484
[debug] [2026-09-04T05:04:03.112Z] >>> [apiv2][query] GET https://cloudfunctions.googleapis.com/v2/projects/uran-48e06/locations/asia-southeast1/operations/operation-1788498240828-65aa132537331-82e8b4b7-32655f57 [none]
[debug] [2026-09-04T05:04:03.452Z] <<< [apiv2][status] GET https://cloudfunctions.googleapis.com/v2/projects/uran-48e06/locations/asia-southeast1/operations/operation-1788498240828-65aa132537331-82e8b4b7-32655f57 200
[debug] [2026-09-04T05:04:03.452Z] <<< [apiv2][body] GET https://cloudfunctions.googleapis.com/v2/projects/uran-48e06/locations/asia-southeast1/operations/operation-1788498240828-65aa132537331-82e8b4b7-32655f57 {"name":"projects/uran-48e06/locations/asia-southeast1/operations/operation-1788498240828-65aa132537331-82e8b4b7-32655f57","metadata":{"@type":"type.googleapis.com/google.cloud.functions.v2.OperationMetadata","createTime":"2026-09-04T05:04:03.117342962Z","target":"projects/uran-48e06/locations/asia-southeast1/functions/forecastOnDeviceUpdate","verb":"update","cancelRequested":false,"apiVersion":"v2","requestResource":{"@type":"type.googleapis.com/google.cloud.functions.v2.Function","name":"projects/uran-48e06/locations/asia-southeast1/functions/forecastOnDeviceUpdate","buildConfig":{"runtime":"nodejs24","entryPoint":"forecastOnDeviceUpdate","source":{"storageSource":{"bucket":"gcf-v2-sources-1072473959382-asia-southeast1","object":"forecastOnDeviceUpdate/function-source.zip","generation":"1788498243060379"}},"environmentVariables":{"GOOGLE_NODE_RUN_SCRIPTS":""},"dockerRepository":"projects/uran-48e06/locations/asia-southeast1/repositories/gcf-artifacts","sourceProvenance":{"resolvedStorageSource":{"bucket":"gcf-v2-sources-1072473959382-asia-southeast1","object":"forecastOnDeviceUpdate/function-source.zip","generation":"1788497742942459"}},"dockerRegistry":"ARTIFACT_REGISTRY","serviceAccount":"projects/uran-48e06/serviceAccounts/1072473959382-compute@developer.gserviceaccount.com","automaticUpdatePolicy":{}},"serviceConfig":{"service":"projects/uran-48e06/locations/asia-southeast1/services/forecastondeviceupdate","timeoutSeconds":60,"environmentVariables":{"FIREBASE_CONFIG":"{\"projectId\":\"uran-48e06\",\"databaseURL\":\"https://uran-48e06-default-rtdb.asia-southeast1.firebasedatabase.app\",\"storageBucket\":\"uran-48e06.firebasestorage.app\"}","GCLOUD_PROJECT":"uran-48e06","EVENTARC_CLOUD_EVENT_SOURCE":"projects/uran-48e06/locations/asia-southeast1/services/forecastOnDeviceUpdate","FUNCTION_REGION":"asia-southeast1","FUNCTION_SIGNATURE_TYPE":"cloudevent","FUNCTION_TARGET":"forecastOnDeviceUpdate","LOG_EXECUTION_ID":"true"},"ingressSettings":"ALLOW_ALL","uri":"https://forecastondeviceupdate-gi2vdmawga-as.a.run.app","serviceAccountEmail":"1072473959382-compute@developer.gserviceaccount.com","availableMemory":"256Mi","allTrafficOnLatestRevision":true,"secretEnvironmentVariables":[{"key":"TOMORROW_API_KEY","projectId":"uran-48e06","secret":"TOMORROW_API_KEY","version":"1"}],"revision":"forecastondeviceupdate-00001-huf","maxInstanceRequestConcurrency":80,"availableCpu":"1"},"eventTrigger":{"trigger":"projects/uran-48e06/locations/asia-southeast1/triggers/forecastondeviceupdate-487097","triggerRegion":"asia-southeast1","eventType":"google.firebase.database.ref.v1.updated","eventFilters":[{"attribute":"ref","value":"users/{uid}/devices/{deviceId}","operator":"match-path-pattern"},{"attribute":"instance","value":"*","operator":"match-path-pattern"}],"pubsubTopic":"projects/uran-48e06/topics/eventarc-asia-southeast1-forecastondeviceupdate-487097-498","serviceAccountEmail":"1072473959382-compute@developer.gserviceaccount.com","retryPolicy":"RETRY_POLICY_DO_NOT_RETRY"},"state":"ACTIVE","labels":{"deployment-tool":"cli-firebase","firebase-functions-hash":"a8dbf0d9a66309ac4e6189bb7e884e07c7dcf18c"},"environment":"GEN_2","url":"https://asia-southeast1-uran-48e06.cloudfunctions.net/forecastOnDeviceUpdate","satisfiesPzs":true,"satisfiesPzi":true},"stages":[{"name":"BUILD","state":"NOT_STARTED"},{"name":"SERVICE","state":"NOT_STARTED"},{"name":"TRIGGER","state":"NOT_STARTED"}],"operationType":"UPDATE_FUNCTION"},"done":false}
[debug] [2026-09-04T05:04:04.454Z] [update-default-asia-southeast1-forecastOnDeviceUpdate] Retrying task index 0
[debug] [2026-09-04T05:04:04.455Z] Checked if tokens are valid: true, expires at: 1788499848484
[debug] [2026-09-04T05:04:04.455Z] Checked if tokens are valid: true, expires at: 1788499848484
[debug] [2026-09-04T05:04:04.455Z] >>> [apiv2][query] GET https://cloudfunctions.googleapis.com/v2/projects/uran-48e06/locations/asia-southeast1/operations/operation-1788498240828-65aa132537331-82e8b4b7-32655f57 [none]
[debug] [2026-09-04T05:04:04.784Z] <<< [apiv2][status] GET https://cloudfunctions.googleapis.com/v2/projects/uran-48e06/locations/asia-southeast1/operations/operation-1788498240828-65aa132537331-82e8b4b7-32655f57 200
[debug] [2026-09-04T05:04:04.784Z] <<< [apiv2][body] GET https://cloudfunctions.googleapis.com/v2/projects/uran-48e06/locations/asia-southeast1/operations/operation-1788498240828-65aa132537331-82e8b4b7-32655f57 {"name":"projects/uran-48e06/locations/asia-southeast1/operations/operation-1788498240828-65aa132537331-82e8b4b7-32655f57","metadata":{"@type":"type.googleapis.com/google.cloud.functions.v2.OperationMetadata","createTime":"2026-09-04T05:04:03.117342962Z","target":"projects/uran-48e06/locations/asia-southeast1/functions/forecastOnDeviceUpdate","verb":"update","cancelRequested":false,"apiVersion":"v2","requestResource":{"@type":"type.googleapis.com/google.cloud.functions.v2.Function","name":"projects/uran-48e06/locations/asia-southeast1/functions/forecastOnDeviceUpdate","buildConfig":{"runtime":"nodejs24","entryPoint":"forecastOnDeviceUpdate","source":{"storageSource":{"bucket":"gcf-v2-sources-1072473959382-asia-southeast1","object":"forecastOnDeviceUpdate/function-source.zip","generation":"1788498243060379"}},"environmentVariables":{"GOOGLE_NODE_RUN_SCRIPTS":""},"dockerRepository":"projects/uran-48e06/locations/asia-southeast1/repositories/gcf-artifacts","sourceProvenance":{"resolvedStorageSource":{"bucket":"gcf-v2-sources-1072473959382-asia-southeast1","object":"forecastOnDeviceUpdate/function-source.zip","generation":"1788497742942459"}},"dockerRegistry":"ARTIFACT_REGISTRY","serviceAccount":"projects/uran-48e06/serviceAccounts/1072473959382-compute@developer.gserviceaccount.com","automaticUpdatePolicy":{}},"serviceConfig":{"service":"projects/uran-48e06/locations/asia-southeast1/services/forecastondeviceupdate","timeoutSeconds":60,"environmentVariables":{"FIREBASE_CONFIG":"{\"projectId\":\"uran-48e06\",\"databaseURL\":\"https://uran-48e06-default-rtdb.asia-southeast1.firebasedatabase.app\",\"storageBucket\":\"uran-48e06.firebasestorage.app\"}","GCLOUD_PROJECT":"uran-48e06","EVENTARC_CLOUD_EVENT_SOURCE":"projects/uran-48e06/locations/asia-southeast1/services/forecastOnDeviceUpdate","FUNCTION_REGION":"asia-southeast1","FUNCTION_SIGNATURE_TYPE":"cloudevent","FUNCTION_TARGET":"forecastOnDeviceUpdate","LOG_EXECUTION_ID":"true"},"ingressSettings":"ALLOW_ALL","uri":"https://forecastondeviceupdate-gi2vdmawga-as.a.run.app","serviceAccountEmail":"1072473959382-compute@developer.gserviceaccount.com","availableMemory":"256Mi","allTrafficOnLatestRevision":true,"secretEnvironmentVariables":[{"key":"TOMORROW_API_KEY","projectId":"uran-48e06","secret":"TOMORROW_API_KEY","version":"1"}],"revision":"forecastondeviceupdate-00001-huf","maxInstanceRequestConcurrency":80,"availableCpu":"1"},"eventTrigger":{"trigger":"projects/uran-48e06/locations/asia-southeast1/triggers/forecastondeviceupdate-487097","triggerRegion":"asia-southeast1","eventType":"google.firebase.database.ref.v1.updated","eventFilters":[{"attribute":"ref","value":"users/{uid}/devices/{deviceId}","operator":"match-path-pattern"},{"attribute":"instance","value":"*","operator":"match-path-pattern"}],"pubsubTopic":"projects/uran-48e06/topics/eventarc-asia-southeast1-forecastondeviceupdate-487097-498","serviceAccountEmail":"1072473959382-compute@developer.gserviceaccount.com","retryPolicy":"RETRY_POLICY_DO_NOT_RETRY"},"state":"ACTIVE","labels":{"deployment-tool":"cli-firebase","firebase-functions-hash":"a8dbf0d9a66309ac4e6189bb7e884e07c7dcf18c"},"environment":"GEN_2","url":"https://asia-southeast1-uran-48e06.cloudfunctions.net/forecastOnDeviceUpdate","satisfiesPzs":true,"satisfiesPzi":true},"stages":[{"name":"BUILD","message":"Build in progress","state":"IN_PROGRESS","resource":"projects/1072473959382/locations/asia-southeast1/builds/57e66f31-a82b-4dfe-9ccf-0ad428a0002a","resourceUri":"https://console.cloud.google.com/cloud-build/builds;region=asia-southeast1/57e66f31-a82b-4dfe-9ccf-0ad428a0002a?project=1072473959382"},{"name":"SERVICE","state":"NOT_STARTED"},{"name":"TRIGGER","state":"NOT_STARTED"}],"operationType":"UPDATE_FUNCTION","buildName":"projects/1072473959382/locations/asia-southeast1/builds/57e66f31-a82b-4dfe-9ccf-0ad428a0002a"},"done":false}
[debug] [2026-09-04T05:04:06.795Z] [update-default-asia-southeast1-forecastOnDeviceUpdate] Retrying task index 0
[debug] [2026-09-04T05:04:06.795Z] Checked if tokens are valid: true, expires at: 1788499848484
[debug] [2026-09-04T05:04:06.796Z] Checked if tokens are valid: true, expires at: 1788499848484
[debug] [2026-09-04T05:04:06.796Z] >>> [apiv2][query] GET https://cloudfunctions.googleapis.com/v2/projects/uran-48e06/locations/asia-southeast1/operations/operation-1788498240828-65aa132537331-82e8b4b7-32655f57 [none]
[debug] [2026-09-04T05:04:07.121Z] <<< [apiv2][status] GET https://cloudfunctions.googleapis.com/v2/projects/uran-48e06/locations/asia-southeast1/operations/operation-1788498240828-65aa132537331-82e8b4b7-32655f57 200
[debug] [2026-09-04T05:04:07.121Z] <<< [apiv2][body] GET https://cloudfunctions.googleapis.com/v2/projects/uran-48e06/locations/asia-southeast1/operations/operation-1788498240828-65aa132537331-82e8b4b7-32655f57 {"name":"projects/uran-48e06/locations/asia-southeast1/operations/operation-1788498240828-65aa132537331-82e8b4b7-32655f57","metadata":{"@type":"type.googleapis.com/google.cloud.functions.v2.OperationMetadata","createTime":"2026-09-04T05:04:03.117342962Z","target":"projects/uran-48e06/locations/asia-southeast1/functions/forecastOnDeviceUpdate","verb":"update","cancelRequested":false,"apiVersion":"v2","requestResource":{"@type":"type.googleapis.com/google.cloud.functions.v2.Function","name":"projects/uran-48e06/locations/asia-southeast1/functions/forecastOnDeviceUpdate","buildConfig":{"runtime":"nodejs24","entryPoint":"forecastOnDeviceUpdate","source":{"storageSource":{"bucket":"gcf-v2-sources-1072473959382-asia-southeast1","object":"forecastOnDeviceUpdate/function-source.zip","generation":"1788498243060379"}},"environmentVariables":{"GOOGLE_NODE_RUN_SCRIPTS":""},"dockerRepository":"projects/uran-48e06/locations/asia-southeast1/repositories/gcf-artifacts","sourceProvenance":{"resolvedStorageSource":{"bucket":"gcf-v2-sources-1072473959382-asia-southeast1","object":"forecastOnDeviceUpdate/function-source.zip","generation":"1788497742942459"}},"dockerRegistry":"ARTIFACT_REGISTRY","serviceAccount":"projects/uran-48e06/serviceAccounts/1072473959382-compute@developer.gserviceaccount.com","automaticUpdatePolicy":{}},"serviceConfig":{"service":"projects/uran-48e06/locations/asia-southeast1/services/forecastondeviceupdate","timeoutSeconds":60,"environmentVariables":{"FIREBASE_CONFIG":"{\"projectId\":\"uran-48e06\",\"databaseURL\":\"https://uran-48e06-default-rtdb.asia-southeast1.firebasedatabase.app\",\"storageBucket\":\"uran-48e06.firebasestorage.app\"}","GCLOUD_PROJECT":"uran-48e06","EVENTARC_CLOUD_EVENT_SOURCE":"projects/uran-48e06/locations/asia-southeast1/services/forecastOnDeviceUpdate","FUNCTION_REGION":"asia-southeast1","FUNCTION_SIGNATURE_TYPE":"cloudevent","FUNCTION_TARGET":"forecastOnDeviceUpdate","LOG_EXECUTION_ID":"true"},"ingressSettings":"ALLOW_ALL","uri":"https://forecastondeviceupdate-gi2vdmawga-as.a.run.app","serviceAccountEmail":"1072473959382-compute@developer.gserviceaccount.com","availableMemory":"256Mi","allTrafficOnLatestRevision":true,"secretEnvironmentVariables":[{"key":"TOMORROW_API_KEY","projectId":"uran-48e06","secret":"TOMORROW_API_KEY","version":"1"}],"revision":"forecastondeviceupdate-00001-huf","maxInstanceRequestConcurrency":80,"availableCpu":"1"},"eventTrigger":{"trigger":"projects/uran-48e06/locations/asia-southeast1/triggers/forecastondeviceupdate-487097","triggerRegion":"asia-southeast1","eventType":"google.firebase.database.ref.v1.updated","eventFilters":[{"attribute":"ref","value":"users/{uid}/devices/{deviceId}","operator":"match-path-pattern"},{"attribute":"instance","value":"*","operator":"match-path-pattern"}],"pubsubTopic":"projects/uran-48e06/topics/eventarc-asia-southeast1-forecastondeviceupdate-487097-498","serviceAccountEmail":"1072473959382-compute@developer.gserviceaccount.com","retryPolicy":"RETRY_POLICY_DO_NOT_RETRY"},"state":"ACTIVE","labels":{"deployment-tool":"cli-firebase","firebase-functions-hash":"a8dbf0d9a66309ac4e6189bb7e884e07c7dcf18c"},"environment":"GEN_2","url":"https://asia-southeast1-uran-48e06.cloudfunctions.net/forecastOnDeviceUpdate","satisfiesPzs":true,"satisfiesPzi":true},"stages":[{"name":"BUILD","message":"Build in progress","state":"IN_PROGRESS","resource":"projects/1072473959382/locations/asia-southeast1/builds/57e66f31-a82b-4dfe-9ccf-0ad428a0002a","resourceUri":"https://console.cloud.google.com/cloud-build/builds;region=asia-southeast1/57e66f31-a82b-4dfe-9ccf-0ad428a0002a?project=1072473959382"},{"name":"SERVICE","state":"NOT_STARTED"},{"name":"TRIGGER","state":"NOT_STARTED"}],"operationType":"UPDATE_FUNCTION","buildName":"projects/1072473959382/locations/asia-southeast1/builds/57e66f31-a82b-4dfe-9ccf-0ad428a0002a"},"done":false}
[debug] [2026-09-04T05:04:11.123Z] [update-default-asia-southeast1-forecastOnDeviceUpdate] Retrying task index 0
[debug] [2026-09-04T05:04:11.123Z] Checked if tokens are valid: true, expires at: 1788499848484
[debug] [2026-09-04T05:04:11.124Z] Checked if tokens are valid: true, expires at: 1788499848484
[debug] [2026-09-04T05:04:11.124Z] >>> [apiv2][query] GET https://cloudfunctions.googleapis.com/v2/projects/uran-48e06/locations/asia-southeast1/operations/operation-1788498240828-65aa132537331-82e8b4b7-32655f57 [none]
[debug] [2026-09-04T05:04:11.519Z] <<< [apiv2][status] GET https://cloudfunctions.googleapis.com/v2/projects/uran-48e06/locations/asia-southeast1/operations/operation-1788498240828-65aa132537331-82e8b4b7-32655f57 200
[debug] [2026-09-04T05:04:11.520Z] <<< [apiv2][body] GET https://cloudfunctions.googleapis.com/v2/projects/uran-48e06/locations/asia-southeast1/operations/operation-1788498240828-65aa132537331-82e8b4b7-32655f57 {"name":"projects/uran-48e06/locations/asia-southeast1/operations/operation-1788498240828-65aa132537331-82e8b4b7-32655f57","metadata":{"@type":"type.googleapis.com/google.cloud.functions.v2.OperationMetadata","createTime":"2026-09-04T05:04:03.117342962Z","target":"projects/uran-48e06/locations/asia-southeast1/functions/forecastOnDeviceUpdate","verb":"update","cancelRequested":false,"apiVersion":"v2","requestResource":{"@type":"type.googleapis.com/google.cloud.functions.v2.Function","name":"projects/uran-48e06/locations/asia-southeast1/functions/forecastOnDeviceUpdate","buildConfig":{"runtime":"nodejs24","entryPoint":"forecastOnDeviceUpdate","source":{"storageSource":{"bucket":"gcf-v2-sources-1072473959382-asia-southeast1","object":"forecastOnDeviceUpdate/function-source.zip","generation":"1788498243060379"}},"environmentVariables":{"GOOGLE_NODE_RUN_SCRIPTS":""},"dockerRepository":"projects/uran-48e06/locations/asia-southeast1/repositories/gcf-artifacts","sourceProvenance":{"resolvedStorageSource":{"bucket":"gcf-v2-sources-1072473959382-asia-southeast1","object":"forecastOnDeviceUpdate/function-source.zip","generation":"1788497742942459"}},"dockerRegistry":"ARTIFACT_REGISTRY","serviceAccount":"projects/uran-48e06/serviceAccounts/1072473959382-compute@developer.gserviceaccount.com","automaticUpdatePolicy":{}},"serviceConfig":{"service":"projects/uran-48e06/locations/asia-southeast1/services/forecastondeviceupdate","timeoutSeconds":60,"environmentVariables":{"FIREBASE_CONFIG":"{\"projectId\":\"uran-48e06\",\"databaseURL\":\"https://uran-48e06-default-rtdb.asia-southeast1.firebasedatabase.app\",\"storageBucket\":\"uran-48e06.firebasestorage.app\"}","GCLOUD_PROJECT":"uran-48e06","EVENTARC_CLOUD_EVENT_SOURCE":"projects/uran-48e06/locations/asia-southeast1/services/forecastOnDeviceUpdate","FUNCTION_REGION":"asia-southeast1","FUNCTION_SIGNATURE_TYPE":"cloudevent","FUNCTION_TARGET":"forecastOnDeviceUpdate","LOG_EXECUTION_ID":"true"},"ingressSettings":"ALLOW_ALL","uri":"https://forecastondeviceupdate-gi2vdmawga-as.a.run.app","serviceAccountEmail":"1072473959382-compute@developer.gserviceaccount.com","availableMemory":"256Mi","allTrafficOnLatestRevision":true,"secretEnvironmentVariables":[{"key":"TOMORROW_API_KEY","projectId":"uran-48e06","secret":"TOMORROW_API_KEY","version":"1"}],"revision":"forecastondeviceupdate-00001-huf","maxInstanceRequestConcurrency":80,"availableCpu":"1"},"eventTrigger":{"trigger":"projects/uran-48e06/locations/asia-southeast1/triggers/forecastondeviceupdate-487097","triggerRegion":"asia-southeast1","eventType":"google.firebase.database.ref.v1.updated","eventFilters":[{"attribute":"ref","value":"users/{uid}/devices/{deviceId}","operator":"match-path-pattern"},{"attribute":"instance","value":"*","operator":"match-path-pattern"}],"pubsubTopic":"projects/uran-48e06/topics/eventarc-asia-southeast1-forecastondeviceupdate-487097-498","serviceAccountEmail":"1072473959382-compute@developer.gserviceaccount.com","retryPolicy":"RETRY_POLICY_DO_NOT_RETRY"},"state":"ACTIVE","labels":{"deployment-tool":"cli-firebase","firebase-functions-hash":"a8dbf0d9a66309ac4e6189bb7e884e07c7dcf18c"},"environment":"GEN_2","url":"https://asia-southeast1-uran-48e06.cloudfunctions.net/forecastOnDeviceUpdate","satisfiesPzs":true,"satisfiesPzi":true},"stages":[{"name":"BUILD","message":"Build in progress","state":"IN_PROGRESS","resource":"projects/1072473959382/locations/asia-southeast1/builds/57e66f31-a82b-4dfe-9ccf-0ad428a0002a","resourceUri":"https://console.cloud.google.com/cloud-build/builds;region=asia-southeast1/57e66f31-a82b-4dfe-9ccf-0ad428a0002a?project=1072473959382"},{"name":"SERVICE","state":"NOT_STARTED"},{"name":"TRIGGER","state":"NOT_STARTED"}],"operationType":"UPDATE_FUNCTION","buildName":"projects/1072473959382/locations/asia-southeast1/builds/57e66f31-a82b-4dfe-9ccf-0ad428a0002a"},"done":false}
[debug] [2026-09-04T05:04:19.530Z] [update-default-asia-southeast1-forecastOnDeviceUpdate] Retrying task index 0
[debug] [2026-09-04T05:04:19.530Z] Checked if tokens are valid: true, expires at: 1788499848484
[debug] [2026-09-04T05:04:19.531Z] Checked if tokens are valid: true, expires at: 1788499848484
[debug] [2026-09-04T05:04:19.531Z] >>> [apiv2][query] GET https://cloudfunctions.googleapis.com/v2/projects/uran-48e06/locations/asia-southeast1/operations/operation-1788498240828-65aa132537331-82e8b4b7-32655f57 [none]
[debug] [2026-09-04T05:04:19.808Z] <<< [apiv2][status] GET https://cloudfunctions.googleapis.com/v2/projects/uran-48e06/locations/asia-southeast1/operations/operation-1788498240828-65aa132537331-82e8b4b7-32655f57 200
[debug] [2026-09-04T05:04:19.809Z] <<< [apiv2][body] GET https://cloudfunctions.googleapis.com/v2/projects/uran-48e06/locations/asia-southeast1/operations/operation-1788498240828-65aa132537331-82e8b4b7-32655f57 {"name":"projects/uran-48e06/locations/asia-southeast1/operations/operation-1788498240828-65aa132537331-82e8b4b7-32655f57","metadata":{"@type":"type.googleapis.com/google.cloud.functions.v2.OperationMetadata","createTime":"2026-09-04T05:04:03.117342962Z","target":"projects/uran-48e06/locations/asia-southeast1/functions/forecastOnDeviceUpdate","verb":"update","cancelRequested":false,"apiVersion":"v2","requestResource":{"@type":"type.googleapis.com/google.cloud.functions.v2.Function","name":"projects/uran-48e06/locations/asia-southeast1/functions/forecastOnDeviceUpdate","buildConfig":{"runtime":"nodejs24","entryPoint":"forecastOnDeviceUpdate","source":{"storageSource":{"bucket":"gcf-v2-sources-1072473959382-asia-southeast1","object":"forecastOnDeviceUpdate/function-source.zip","generation":"1788498243060379"}},"environmentVariables":{"GOOGLE_NODE_RUN_SCRIPTS":""},"dockerRepository":"projects/uran-48e06/locations/asia-southeast1/repositories/gcf-artifacts","sourceProvenance":{"resolvedStorageSource":{"bucket":"gcf-v2-sources-1072473959382-asia-southeast1","object":"forecastOnDeviceUpdate/function-source.zip","generation":"1788497742942459"}},"dockerRegistry":"ARTIFACT_REGISTRY","serviceAccount":"projects/uran-48e06/serviceAccounts/1072473959382-compute@developer.gserviceaccount.com","automaticUpdatePolicy":{}},"serviceConfig":{"service":"projects/uran-48e06/locations/asia-southeast1/services/forecastondeviceupdate","timeoutSeconds":60,"environmentVariables":{"FIREBASE_CONFIG":"{\"projectId\":\"uran-48e06\",\"databaseURL\":\"https://uran-48e06-default-rtdb.asia-southeast1.firebasedatabase.app\",\"storageBucket\":\"uran-48e06.firebasestorage.app\"}","GCLOUD_PROJECT":"uran-48e06","EVENTARC_CLOUD_EVENT_SOURCE":"projects/uran-48e06/locations/asia-southeast1/services/forecastOnDeviceUpdate","FUNCTION_REGION":"asia-southeast1","FUNCTION_SIGNATURE_TYPE":"cloudevent","FUNCTION_TARGET":"forecastOnDeviceUpdate","LOG_EXECUTION_ID":"true"},"ingressSettings":"ALLOW_ALL","uri":"https://forecastondeviceupdate-gi2vdmawga-as.a.run.app","serviceAccountEmail":"1072473959382-compute@developer.gserviceaccount.com","availableMemory":"256Mi","allTrafficOnLatestRevision":true,"secretEnvironmentVariables":[{"key":"TOMORROW_API_KEY","projectId":"uran-48e06","secret":"TOMORROW_API_KEY","version":"1"}],"revision":"forecastondeviceupdate-00001-huf","maxInstanceRequestConcurrency":80,"availableCpu":"1"},"eventTrigger":{"trigger":"projects/uran-48e06/locations/asia-southeast1/triggers/forecastondeviceupdate-487097","triggerRegion":"asia-southeast1","eventType":"google.firebase.database.ref.v1.updated","eventFilters":[{"attribute":"ref","value":"users/{uid}/devices/{deviceId}","operator":"match-path-pattern"},{"attribute":"instance","value":"*","operator":"match-path-pattern"}],"pubsubTopic":"projects/uran-48e06/topics/eventarc-asia-southeast1-forecastondeviceupdate-487097-498","serviceAccountEmail":"1072473959382-compute@developer.gserviceaccount.com","retryPolicy":"RETRY_POLICY_DO_NOT_RETRY"},"state":"ACTIVE","labels":{"deployment-tool":"cli-firebase","firebase-functions-hash":"a8dbf0d9a66309ac4e6189bb7e884e07c7dcf18c"},"environment":"GEN_2","url":"https://asia-southeast1-uran-48e06.cloudfunctions.net/forecastOnDeviceUpdate","satisfiesPzs":true,"satisfiesPzi":true},"stages":[{"name":"BUILD","message":"Build in progress","state":"IN_PROGRESS","resource":"projects/1072473959382/locations/asia-southeast1/builds/57e66f31-a82b-4dfe-9ccf-0ad428a0002a","resourceUri":"https://console.cloud.google.com/cloud-build/builds;region=asia-southeast1/57e66f31-a82b-4dfe-9ccf-0ad428a0002a?project=1072473959382"},{"name":"SERVICE","state":"NOT_STARTED"},{"name":"TRIGGER","state":"NOT_STARTED"}],"operationType":"UPDATE_FUNCTION","buildName":"projects/1072473959382/locations/asia-southeast1/builds/57e66f31-a82b-4dfe-9ccf-0ad428a0002a"},"done":false}
[debug] [2026-09-04T05:04:29.811Z] [update-default-asia-southeast1-forecastOnDeviceUpdate] Retrying task index 0
[debug] [2026-09-04T05:04:29.811Z] Checked if tokens are valid: true, expires at: 1788499848484
[debug] [2026-09-04T05:04:29.811Z] Checked if tokens are valid: true, expires at: 1788499848484
[debug] [2026-09-04T05:04:29.811Z] >>> [apiv2][query] GET https://cloudfunctions.googleapis.com/v2/projects/uran-48e06/locations/asia-southeast1/operations/operation-1788498240828-65aa132537331-82e8b4b7-32655f57 [none]
[debug] [2026-09-04T05:04:30.191Z] <<< [apiv2][status] GET https://cloudfunctions.googleapis.com/v2/projects/uran-48e06/locations/asia-southeast1/operations/operation-1788498240828-65aa132537331-82e8b4b7-32655f57 200
[debug] [2026-09-04T05:04:30.191Z] <<< [apiv2][body] GET https://cloudfunctions.googleapis.com/v2/projects/uran-48e06/locations/asia-southeast1/operations/operation-1788498240828-65aa132537331-82e8b4b7-32655f57 {"name":"projects/uran-48e06/locations/asia-southeast1/operations/operation-1788498240828-65aa132537331-82e8b4b7-32655f57","metadata":{"@type":"type.googleapis.com/google.cloud.functions.v2.OperationMetadata","createTime":"2026-09-04T05:04:03.117342962Z","target":"projects/uran-48e06/locations/asia-southeast1/functions/forecastOnDeviceUpdate","verb":"update","cancelRequested":false,"apiVersion":"v2","requestResource":{"@type":"type.googleapis.com/google.cloud.functions.v2.Function","name":"projects/uran-48e06/locations/asia-southeast1/functions/forecastOnDeviceUpdate","buildConfig":{"runtime":"nodejs24","entryPoint":"forecastOnDeviceUpdate","source":{"storageSource":{"bucket":"gcf-v2-sources-1072473959382-asia-southeast1","object":"forecastOnDeviceUpdate/function-source.zip","generation":"1788498243060379"}},"environmentVariables":{"GOOGLE_NODE_RUN_SCRIPTS":""},"dockerRepository":"projects/uran-48e06/locations/asia-southeast1/repositories/gcf-artifacts","sourceProvenance":{"resolvedStorageSource":{"bucket":"gcf-v2-sources-1072473959382-asia-southeast1","object":"forecastOnDeviceUpdate/function-source.zip","generation":"1788497742942459"}},"dockerRegistry":"ARTIFACT_REGISTRY","serviceAccount":"projects/uran-48e06/serviceAccounts/1072473959382-compute@developer.gserviceaccount.com","automaticUpdatePolicy":{}},"serviceConfig":{"service":"projects/uran-48e06/locations/asia-southeast1/services/forecastondeviceupdate","timeoutSeconds":60,"environmentVariables":{"FIREBASE_CONFIG":"{\"projectId\":\"uran-48e06\",\"databaseURL\":\"https://uran-48e06-default-rtdb.asia-southeast1.firebasedatabase.app\",\"storageBucket\":\"uran-48e06.firebasestorage.app\"}","GCLOUD_PROJECT":"uran-48e06","EVENTARC_CLOUD_EVENT_SOURCE":"projects/uran-48e06/locations/asia-southeast1/services/forecastOnDeviceUpdate","FUNCTION_REGION":"asia-southeast1","FUNCTION_SIGNATURE_TYPE":"cloudevent","FUNCTION_TARGET":"forecastOnDeviceUpdate","LOG_EXECUTION_ID":"true"},"ingressSettings":"ALLOW_ALL","uri":"https://forecastondeviceupdate-gi2vdmawga-as.a.run.app","serviceAccountEmail":"1072473959382-compute@developer.gserviceaccount.com","availableMemory":"256Mi","allTrafficOnLatestRevision":true,"secretEnvironmentVariables":[{"key":"TOMORROW_API_KEY","projectId":"uran-48e06","secret":"TOMORROW_API_KEY","version":"1"}],"revision":"forecastondeviceupdate-00001-huf","maxInstanceRequestConcurrency":80,"availableCpu":"1"},"eventTrigger":{"trigger":"projects/uran-48e06/locations/asia-southeast1/triggers/forecastondeviceupdate-487097","triggerRegion":"asia-southeast1","eventType":"google.firebase.database.ref.v1.updated","eventFilters":[{"attribute":"ref","value":"users/{uid}/devices/{deviceId}","operator":"match-path-pattern"},{"attribute":"instance","value":"*","operator":"match-path-pattern"}],"pubsubTopic":"projects/uran-48e06/topics/eventarc-asia-southeast1-forecastondeviceupdate-487097-498","serviceAccountEmail":"1072473959382-compute@developer.gserviceaccount.com","retryPolicy":"RETRY_POLICY_DO_NOT_RETRY"},"state":"ACTIVE","labels":{"deployment-tool":"cli-firebase","firebase-functions-hash":"a8dbf0d9a66309ac4e6189bb7e884e07c7dcf18c"},"environment":"GEN_2","url":"https://asia-southeast1-uran-48e06.cloudfunctions.net/forecastOnDeviceUpdate","satisfiesPzs":true,"satisfiesPzi":true},"stages":[{"name":"BUILD","message":"Build in progress","state":"IN_PROGRESS","resource":"projects/1072473959382/locations/asia-southeast1/builds/57e66f31-a82b-4dfe-9ccf-0ad428a0002a","resourceUri":"https://console.cloud.google.com/cloud-build/builds;region=asia-southeast1/57e66f31-a82b-4dfe-9ccf-0ad428a0002a?project=1072473959382"},{"name":"SERVICE","state":"NOT_STARTED"},{"name":"TRIGGER","state":"NOT_STARTED"}],"operationType":"UPDATE_FUNCTION","buildName":"projects/1072473959382/locations/asia-southeast1/builds/57e66f31-a82b-4dfe-9ccf-0ad428a0002a"},"done":false}
[debug] [2026-09-04T05:04:40.198Z] [update-default-asia-southeast1-forecastOnDeviceUpdate] Retrying task index 0
[debug] [2026-09-04T05:04:40.199Z] Checked if tokens are valid: true, expires at: 1788499848484
[debug] [2026-09-04T05:04:40.199Z] Checked if tokens are valid: true, expires at: 1788499848484
[debug] [2026-09-04T05:04:40.199Z] >>> [apiv2][query] GET https://cloudfunctions.googleapis.com/v2/projects/uran-48e06/locations/asia-southeast1/operations/operation-1788498240828-65aa132537331-82e8b4b7-32655f57 [none]
[debug] [2026-09-04T05:04:40.553Z] <<< [apiv2][status] GET https://cloudfunctions.googleapis.com/v2/projects/uran-48e06/locations/asia-southeast1/operations/operation-1788498240828-65aa132537331-82e8b4b7-32655f57 200
[debug] [2026-09-04T05:04:40.553Z] <<< [apiv2][body] GET https://cloudfunctions.googleapis.com/v2/projects/uran-48e06/locations/asia-southeast1/operations/operation-1788498240828-65aa132537331-82e8b4b7-32655f57 {"name":"projects/uran-48e06/locations/asia-southeast1/operations/operation-1788498240828-65aa132537331-82e8b4b7-32655f57","metadata":{"@type":"type.googleapis.com/google.cloud.functions.v2.OperationMetadata","createTime":"2026-09-04T05:04:03.117342962Z","target":"projects/uran-48e06/locations/asia-southeast1/functions/forecastOnDeviceUpdate","verb":"update","cancelRequested":false,"apiVersion":"v2","requestResource":{"@type":"type.googleapis.com/google.cloud.functions.v2.Function","name":"projects/uran-48e06/locations/asia-southeast1/functions/forecastOnDeviceUpdate","buildConfig":{"runtime":"nodejs24","entryPoint":"forecastOnDeviceUpdate","source":{"storageSource":{"bucket":"gcf-v2-sources-1072473959382-asia-southeast1","object":"forecastOnDeviceUpdate/function-source.zip","generation":"1788498243060379"}},"environmentVariables":{"GOOGLE_NODE_RUN_SCRIPTS":""},"dockerRepository":"projects/uran-48e06/locations/asia-southeast1/repositories/gcf-artifacts","sourceProvenance":{"resolvedStorageSource":{"bucket":"gcf-v2-sources-1072473959382-asia-southeast1","object":"forecastOnDeviceUpdate/function-source.zip","generation":"1788497742942459"}},"dockerRegistry":"ARTIFACT_REGISTRY","serviceAccount":"projects/uran-48e06/serviceAccounts/1072473959382-compute@developer.gserviceaccount.com","automaticUpdatePolicy":{}},"serviceConfig":{"service":"projects/uran-48e06/locations/asia-southeast1/services/forecastondeviceupdate","timeoutSeconds":60,"environmentVariables":{"FIREBASE_CONFIG":"{\"projectId\":\"uran-48e06\",\"databaseURL\":\"https://uran-48e06-default-rtdb.asia-southeast1.firebasedatabase.app\",\"storageBucket\":\"uran-48e06.firebasestorage.app\"}","GCLOUD_PROJECT":"uran-48e06","EVENTARC_CLOUD_EVENT_SOURCE":"projects/uran-48e06/locations/asia-southeast1/services/forecastOnDeviceUpdate","FUNCTION_REGION":"asia-southeast1","FUNCTION_SIGNATURE_TYPE":"cloudevent","FUNCTION_TARGET":"forecastOnDeviceUpdate","LOG_EXECUTION_ID":"true"},"ingressSettings":"ALLOW_ALL","uri":"https://forecastondeviceupdate-gi2vdmawga-as.a.run.app","serviceAccountEmail":"1072473959382-compute@developer.gserviceaccount.com","availableMemory":"256Mi","allTrafficOnLatestRevision":true,"secretEnvironmentVariables":[{"key":"TOMORROW_API_KEY","projectId":"uran-48e06","secret":"TOMORROW_API_KEY","version":"1"}],"revision":"forecastondeviceupdate-00001-huf","maxInstanceRequestConcurrency":80,"availableCpu":"1"},"eventTrigger":{"trigger":"projects/uran-48e06/locations/asia-southeast1/triggers/forecastondeviceupdate-487097","triggerRegion":"asia-southeast1","eventType":"google.firebase.database.ref.v1.updated","eventFilters":[{"attribute":"ref","value":"users/{uid}/devices/{deviceId}","operator":"match-path-pattern"},{"attribute":"instance","value":"*","operator":"match-path-pattern"}],"pubsubTopic":"projects/uran-48e06/topics/eventarc-asia-southeast1-forecastondeviceupdate-487097-498","serviceAccountEmail":"1072473959382-compute@developer.gserviceaccount.com","retryPolicy":"RETRY_POLICY_DO_NOT_RETRY"},"state":"ACTIVE","labels":{"deployment-tool":"cli-firebase","firebase-functions-hash":"a8dbf0d9a66309ac4e6189bb7e884e07c7dcf18c"},"environment":"GEN_2","url":"https://asia-southeast1-uran-48e06.cloudfunctions.net/forecastOnDeviceUpdate","satisfiesPzs":true,"satisfiesPzi":true},"stages":[{"name":"BUILD","message":"Build in progress","state":"IN_PROGRESS","resource":"projects/1072473959382/locations/asia-southeast1/builds/57e66f31-a82b-4dfe-9ccf-0ad428a0002a","resourceUri":"https://console.cloud.google.com/cloud-build/builds;region=asia-southeast1/57e66f31-a82b-4dfe-9ccf-0ad428a0002a?project=1072473959382"},{"name":"SERVICE","state":"NOT_STARTED"},{"name":"TRIGGER","state":"NOT_STARTED"}],"operationType":"UPDATE_FUNCTION","buildName":"projects/1072473959382/locations/asia-southeast1/builds/57e66f31-a82b-4dfe-9ccf-0ad428a0002a"},"done":false}
[debug] [2026-09-04T05:04:50.562Z] [update-default-asia-southeast1-forecastOnDeviceUpdate] Retrying task index 0
[debug] [2026-09-04T05:04:50.563Z] Checked if tokens are valid: true, expires at: 1788499848484
[debug] [2026-09-04T05:04:50.563Z] Checked if tokens are valid: true, expires at: 1788499848484
[debug] [2026-09-04T05:04:50.563Z] >>> [apiv2][query] GET https://cloudfunctions.googleapis.com/v2/projects/uran-48e06/locations/asia-southeast1/operations/operation-1788498240828-65aa132537331-82e8b4b7-32655f57 [none]
[debug] [2026-09-04T05:04:50.739Z] <<< [apiv2][status] GET https://cloudfunctions.googleapis.com/v2/projects/uran-48e06/locations/asia-southeast1/operations/operation-1788498240828-65aa132537331-82e8b4b7-32655f57 200
[debug] [2026-09-04T05:04:50.740Z] <<< [apiv2][body] GET https://cloudfunctions.googleapis.com/v2/projects/uran-48e06/locations/asia-southeast1/operations/operation-1788498240828-65aa132537331-82e8b4b7-32655f57 {"name":"projects/uran-48e06/locations/asia-southeast1/operations/operation-1788498240828-65aa132537331-82e8b4b7-32655f57","metadata":{"@type":"type.googleapis.com/google.cloud.functions.v2.OperationMetadata","createTime":"2026-09-04T05:04:03.117342962Z","target":"projects/uran-48e06/locations/asia-southeast1/functions/forecastOnDeviceUpdate","verb":"update","cancelRequested":false,"apiVersion":"v2","requestResource":{"@type":"type.googleapis.com/google.cloud.functions.v2.Function","name":"projects/uran-48e06/locations/asia-southeast1/functions/forecastOnDeviceUpdate","buildConfig":{"runtime":"nodejs24","entryPoint":"forecastOnDeviceUpdate","source":{"storageSource":{"bucket":"gcf-v2-sources-1072473959382-asia-southeast1","object":"forecastOnDeviceUpdate/function-source.zip","generation":"1788498243060379"}},"environmentVariables":{"GOOGLE_NODE_RUN_SCRIPTS":""},"dockerRepository":"projects/uran-48e06/locations/asia-southeast1/repositories/gcf-artifacts","sourceProvenance":{"resolvedStorageSource":{"bucket":"gcf-v2-sources-1072473959382-asia-southeast1","object":"forecastOnDeviceUpdate/function-source.zip","generation":"1788497742942459"}},"dockerRegistry":"ARTIFACT_REGISTRY","serviceAccount":"projects/uran-48e06/serviceAccounts/1072473959382-compute@developer.gserviceaccount.com","automaticUpdatePolicy":{}},"serviceConfig":{"service":"projects/uran-48e06/locations/asia-southeast1/services/forecastondeviceupdate","timeoutSeconds":60,"environmentVariables":{"FIREBASE_CONFIG":"{\"projectId\":\"uran-48e06\",\"databaseURL\":\"https://uran-48e06-default-rtdb.asia-southeast1.firebasedatabase.app\",\"storageBucket\":\"uran-48e06.firebasestorage.app\"}","GCLOUD_PROJECT":"uran-48e06","EVENTARC_CLOUD_EVENT_SOURCE":"projects/uran-48e06/locations/asia-southeast1/services/forecastOnDeviceUpdate","FUNCTION_REGION":"asia-southeast1","FUNCTION_SIGNATURE_TYPE":"cloudevent","FUNCTION_TARGET":"forecastOnDeviceUpdate","LOG_EXECUTION_ID":"true"},"ingressSettings":"ALLOW_ALL","uri":"https://forecastondeviceupdate-gi2vdmawga-as.a.run.app","serviceAccountEmail":"1072473959382-compute@developer.gserviceaccount.com","availableMemory":"256Mi","allTrafficOnLatestRevision":true,"secretEnvironmentVariables":[{"key":"TOMORROW_API_KEY","projectId":"uran-48e06","secret":"TOMORROW_API_KEY","version":"1"}],"revision":"forecastondeviceupdate-00001-huf","maxInstanceRequestConcurrency":80,"availableCpu":"1"},"eventTrigger":{"trigger":"projects/uran-48e06/locations/asia-southeast1/triggers/forecastondeviceupdate-487097","triggerRegion":"asia-southeast1","eventType":"google.firebase.database.ref.v1.updated","eventFilters":[{"attribute":"ref","value":"users/{uid}/devices/{deviceId}","operator":"match-path-pattern"},{"attribute":"instance","value":"*","operator":"match-path-pattern"}],"pubsubTopic":"projects/uran-48e06/topics/eventarc-asia-southeast1-forecastondeviceupdate-487097-498","serviceAccountEmail":"1072473959382-compute@developer.gserviceaccount.com","retryPolicy":"RETRY_POLICY_DO_NOT_RETRY"},"state":"ACTIVE","labels":{"deployment-tool":"cli-firebase","firebase-functions-hash":"a8dbf0d9a66309ac4e6189bb7e884e07c7dcf18c"},"environment":"GEN_2","url":"https://asia-southeast1-uran-48e06.cloudfunctions.net/forecastOnDeviceUpdate","satisfiesPzs":true,"satisfiesPzi":true},"stages":[{"name":"BUILD","message":"Build in progress","state":"IN_PROGRESS","resource":"projects/1072473959382/locations/asia-southeast1/builds/57e66f31-a82b-4dfe-9ccf-0ad428a0002a","resourceUri":"https://console.cloud.google.com/cloud-build/builds;region=asia-southeast1/57e66f31-a82b-4dfe-9ccf-0ad428a0002a?project=1072473959382"},{"name":"SERVICE","state":"NOT_STARTED"},{"name":"TRIGGER","state":"NOT_STARTED"}],"operationType":"UPDATE_FUNCTION","buildName":"projects/1072473959382/locations/asia-southeast1/builds/57e66f31-a82b-4dfe-9ccf-0ad428a0002a"},"done":false}
[debug] [2026-09-04T05:05:00.745Z] [update-default-asia-southeast1-forecastOnDeviceUpdate] Retrying task index 0
[debug] [2026-09-04T05:05:00.745Z] Checked if tokens are valid: true, expires at: 1788499848484
[debug] [2026-09-04T05:05:00.745Z] Checked if tokens are valid: true, expires at: 1788499848484
[debug] [2026-09-04T05:05:00.746Z] >>> [apiv2][query] GET https://cloudfunctions.googleapis.com/v2/projects/uran-48e06/locations/asia-southeast1/operations/operation-1788498240828-65aa132537331-82e8b4b7-32655f57 [none]
[debug] [2026-09-04T05:05:01.127Z] <<< [apiv2][status] GET https://cloudfunctions.googleapis.com/v2/projects/uran-48e06/locations/asia-southeast1/operations/operation-1788498240828-65aa132537331-82e8b4b7-32655f57 200
[debug] [2026-09-04T05:05:01.127Z] <<< [apiv2][body] GET https://cloudfunctions.googleapis.com/v2/projects/uran-48e06/locations/asia-southeast1/operations/operation-1788498240828-65aa132537331-82e8b4b7-32655f57 {"name":"projects/uran-48e06/locations/asia-southeast1/operations/operation-1788498240828-65aa132537331-82e8b4b7-32655f57","metadata":{"@type":"type.googleapis.com/google.cloud.functions.v2.OperationMetadata","createTime":"2026-09-04T05:04:03.117342962Z","target":"projects/uran-48e06/locations/asia-southeast1/functions/forecastOnDeviceUpdate","verb":"update","cancelRequested":false,"apiVersion":"v2","requestResource":{"@type":"type.googleapis.com/google.cloud.functions.v2.Function","name":"projects/uran-48e06/locations/asia-southeast1/functions/forecastOnDeviceUpdate","buildConfig":{"runtime":"nodejs24","entryPoint":"forecastOnDeviceUpdate","source":{"storageSource":{"bucket":"gcf-v2-sources-1072473959382-asia-southeast1","object":"forecastOnDeviceUpdate/function-source.zip","generation":"1788498243060379"}},"environmentVariables":{"GOOGLE_NODE_RUN_SCRIPTS":""},"dockerRepository":"projects/uran-48e06/locations/asia-southeast1/repositories/gcf-artifacts","sourceProvenance":{"resolvedStorageSource":{"bucket":"gcf-v2-sources-1072473959382-asia-southeast1","object":"forecastOnDeviceUpdate/function-source.zip","generation":"1788497742942459"}},"dockerRegistry":"ARTIFACT_REGISTRY","serviceAccount":"projects/uran-48e06/serviceAccounts/1072473959382-compute@developer.gserviceaccount.com","automaticUpdatePolicy":{}},"serviceConfig":{"service":"projects/uran-48e06/locations/asia-southeast1/services/forecastondeviceupdate","timeoutSeconds":60,"environmentVariables":{"FIREBASE_CONFIG":"{\"projectId\":\"uran-48e06\",\"databaseURL\":\"https://uran-48e06-default-rtdb.asia-southeast1.firebasedatabase.app\",\"storageBucket\":\"uran-48e06.firebasestorage.app\"}","GCLOUD_PROJECT":"uran-48e06","EVENTARC_CLOUD_EVENT_SOURCE":"projects/uran-48e06/locations/asia-southeast1/services/forecastOnDeviceUpdate","FUNCTION_REGION":"asia-southeast1","FUNCTION_SIGNATURE_TYPE":"cloudevent","FUNCTION_TARGET":"forecastOnDeviceUpdate","LOG_EXECUTION_ID":"true"},"ingressSettings":"ALLOW_ALL","uri":"https://forecastondeviceupdate-gi2vdmawga-as.a.run.app","serviceAccountEmail":"1072473959382-compute@developer.gserviceaccount.com","availableMemory":"256Mi","allTrafficOnLatestRevision":true,"secretEnvironmentVariables":[{"key":"TOMORROW_API_KEY","projectId":"uran-48e06","secret":"TOMORROW_API_KEY","version":"1"}],"revision":"forecastondeviceupdate-00001-huf","maxInstanceRequestConcurrency":80,"availableCpu":"1"},"eventTrigger":{"trigger":"projects/uran-48e06/locations/asia-southeast1/triggers/forecastondeviceupdate-487097","triggerRegion":"asia-southeast1","eventType":"google.firebase.database.ref.v1.updated","eventFilters":[{"attribute":"ref","value":"users/{uid}/devices/{deviceId}","operator":"match-path-pattern"},{"attribute":"instance","value":"*","operator":"match-path-pattern"}],"pubsubTopic":"projects/uran-48e06/topics/eventarc-asia-southeast1-forecastondeviceupdate-487097-498","serviceAccountEmail":"1072473959382-compute@developer.gserviceaccount.com","retryPolicy":"RETRY_POLICY_DO_NOT_RETRY"},"state":"ACTIVE","labels":{"deployment-tool":"cli-firebase","firebase-functions-hash":"a8dbf0d9a66309ac4e6189bb7e884e07c7dcf18c"},"environment":"GEN_2","url":"https://asia-southeast1-uran-48e06.cloudfunctions.net/forecastOnDeviceUpdate","satisfiesPzs":true,"satisfiesPzi":true},"stages":[{"name":"BUILD","message":"Build in progress","state":"IN_PROGRESS","resource":"projects/1072473959382/locations/asia-southeast1/builds/57e66f31-a82b-4dfe-9ccf-0ad428a0002a","resourceUri":"https://console.cloud.google.com/cloud-build/builds;region=asia-southeast1/57e66f31-a82b-4dfe-9ccf-0ad428a0002a?project=1072473959382"},{"name":"SERVICE","state":"NOT_STARTED"},{"name":"TRIGGER","state":"NOT_STARTED"}],"operationType":"UPDATE_FUNCTION","buildName":"projects/1072473959382/locations/asia-southeast1/builds/57e66f31-a82b-4dfe-9ccf-0ad428a0002a"},"done":false}
[debug] [2026-09-04T05:05:11.133Z] [update-default-asia-southeast1-forecastOnDeviceUpdate] Retrying task index 0
[debug] [2026-09-04T05:05:11.133Z] Checked if tokens are valid: true, expires at: 1788499848484
[debug] [2026-09-04T05:05:11.133Z] Checked if tokens are valid: true, expires at: 1788499848484
[debug] [2026-09-04T05:05:11.133Z] >>> [apiv2][query] GET https://cloudfunctions.googleapis.com/v2/projects/uran-48e06/locations/asia-southeast1/operations/operation-1788498240828-65aa132537331-82e8b4b7-32655f57 [none]
[debug] [2026-09-04T05:05:11.524Z] <<< [apiv2][status] GET https://cloudfunctions.googleapis.com/v2/projects/uran-48e06/locations/asia-southeast1/operations/operation-1788498240828-65aa132537331-82e8b4b7-32655f57 200
[debug] [2026-09-04T05:05:11.525Z] <<< [apiv2][body] GET https://cloudfunctions.googleapis.com/v2/projects/uran-48e06/locations/asia-southeast1/operations/operation-1788498240828-65aa132537331-82e8b4b7-32655f57 {"name":"projects/uran-48e06/locations/asia-southeast1/operations/operation-1788498240828-65aa132537331-82e8b4b7-32655f57","metadata":{"@type":"type.googleapis.com/google.cloud.functions.v2.OperationMetadata","createTime":"2026-09-04T05:04:03.117342962Z","target":"projects/uran-48e06/locations/asia-southeast1/functions/forecastOnDeviceUpdate","verb":"update","cancelRequested":false,"apiVersion":"v2","requestResource":{"@type":"type.googleapis.com/google.cloud.functions.v2.Function","name":"projects/uran-48e06/locations/asia-southeast1/functions/forecastOnDeviceUpdate","buildConfig":{"runtime":"nodejs24","entryPoint":"forecastOnDeviceUpdate","source":{"storageSource":{"bucket":"gcf-v2-sources-1072473959382-asia-southeast1","object":"forecastOnDeviceUpdate/function-source.zip","generation":"1788498243060379"}},"environmentVariables":{"GOOGLE_NODE_RUN_SCRIPTS":""},"dockerRepository":"projects/uran-48e06/locations/asia-southeast1/repositories/gcf-artifacts","sourceProvenance":{"resolvedStorageSource":{"bucket":"gcf-v2-sources-1072473959382-asia-southeast1","object":"forecastOnDeviceUpdate/function-source.zip","generation":"1788497742942459"}},"dockerRegistry":"ARTIFACT_REGISTRY","serviceAccount":"projects/uran-48e06/serviceAccounts/1072473959382-compute@developer.gserviceaccount.com","automaticUpdatePolicy":{}},"serviceConfig":{"service":"projects/uran-48e06/locations/asia-southeast1/services/forecastondeviceupdate","timeoutSeconds":60,"environmentVariables":{"FIREBASE_CONFIG":"{\"projectId\":\"uran-48e06\",\"databaseURL\":\"https://uran-48e06-default-rtdb.asia-southeast1.firebasedatabase.app\",\"storageBucket\":\"uran-48e06.firebasestorage.app\"}","GCLOUD_PROJECT":"uran-48e06","EVENTARC_CLOUD_EVENT_SOURCE":"projects/uran-48e06/locations/asia-southeast1/services/forecastOnDeviceUpdate","FUNCTION_REGION":"asia-southeast1","FUNCTION_SIGNATURE_TYPE":"cloudevent","FUNCTION_TARGET":"forecastOnDeviceUpdate","LOG_EXECUTION_ID":"true"},"ingressSettings":"ALLOW_ALL","uri":"https://forecastondeviceupdate-gi2vdmawga-as.a.run.app","serviceAccountEmail":"1072473959382-compute@developer.gserviceaccount.com","availableMemory":"256Mi","allTrafficOnLatestRevision":true,"secretEnvironmentVariables":[{"key":"TOMORROW_API_KEY","projectId":"uran-48e06","secret":"TOMORROW_API_KEY","version":"1"}],"revision":"forecastondeviceupdate-00001-huf","maxInstanceRequestConcurrency":80,"availableCpu":"1"},"eventTrigger":{"trigger":"projects/uran-48e06/locations/asia-southeast1/triggers/forecastondeviceupdate-487097","triggerRegion":"asia-southeast1","eventType":"google.firebase.database.ref.v1.updated","eventFilters":[{"attribute":"ref","value":"users/{uid}/devices/{deviceId}","operator":"match-path-pattern"},{"attribute":"instance","value":"*","operator":"match-path-pattern"}],"pubsubTopic":"projects/uran-48e06/topics/eventarc-asia-southeast1-forecastondeviceupdate-487097-498","serviceAccountEmail":"1072473959382-compute@developer.gserviceaccount.com","retryPolicy":"RETRY_POLICY_DO_NOT_RETRY"},"state":"ACTIVE","labels":{"deployment-tool":"cli-firebase","firebase-functions-hash":"a8dbf0d9a66309ac4e6189bb7e884e07c7dcf18c"},"environment":"GEN_2","url":"https://asia-southeast1-uran-48e06.cloudfunctions.net/forecastOnDeviceUpdate","satisfiesPzs":true,"satisfiesPzi":true},"stages":[{"name":"BUILD","message":"Build in progress","state":"IN_PROGRESS","resource":"projects/1072473959382/locations/asia-southeast1/builds/57e66f31-a82b-4dfe-9ccf-0ad428a0002a","resourceUri":"https://console.cloud.google.com/cloud-build/builds;region=asia-southeast1/57e66f31-a82b-4dfe-9ccf-0ad428a0002a?project=1072473959382"},{"name":"SERVICE","state":"NOT_STARTED"},{"name":"TRIGGER","state":"NOT_STARTED"}],"operationType":"UPDATE_FUNCTION","buildName":"projects/1072473959382/locations/asia-southeast1/builds/57e66f31-a82b-4dfe-9ccf-0ad428a0002a"},"done":false}
[debug] [2026-09-04T05:05:21.528Z] [update-default-asia-southeast1-forecastOnDeviceUpdate] Retrying task index 0
[debug] [2026-09-04T05:05:21.529Z] Checked if tokens are valid: true, expires at: 1788499848484
[debug] [2026-09-04T05:05:21.529Z] Checked if tokens are valid: true, expires at: 1788499848484
[debug] [2026-09-04T05:05:21.529Z] >>> [apiv2][query] GET https://cloudfunctions.googleapis.com/v2/projects/uran-48e06/locations/asia-southeast1/operations/operation-1788498240828-65aa132537331-82e8b4b7-32655f57 [none]
[debug] [2026-09-04T05:05:21.898Z] <<< [apiv2][status] GET https://cloudfunctions.googleapis.com/v2/projects/uran-48e06/locations/asia-southeast1/operations/operation-1788498240828-65aa132537331-82e8b4b7-32655f57 200
[debug] [2026-09-04T05:05:21.898Z] <<< [apiv2][body] GET https://cloudfunctions.googleapis.com/v2/projects/uran-48e06/locations/asia-southeast1/operations/operation-1788498240828-65aa132537331-82e8b4b7-32655f57 {"name":"projects/uran-48e06/locations/asia-southeast1/operations/operation-1788498240828-65aa132537331-82e8b4b7-32655f57","metadata":{"@type":"type.googleapis.com/google.cloud.functions.v2.OperationMetadata","createTime":"2026-09-04T05:04:03.117342962Z","target":"projects/uran-48e06/locations/asia-southeast1/functions/forecastOnDeviceUpdate","verb":"update","cancelRequested":false,"apiVersion":"v2","requestResource":{"@type":"type.googleapis.com/google.cloud.functions.v2.Function","name":"projects/uran-48e06/locations/asia-southeast1/functions/forecastOnDeviceUpdate","buildConfig":{"runtime":"nodejs24","entryPoint":"forecastOnDeviceUpdate","source":{"storageSource":{"bucket":"gcf-v2-sources-1072473959382-asia-southeast1","object":"forecastOnDeviceUpdate/function-source.zip","generation":"1788498243060379"}},"environmentVariables":{"GOOGLE_NODE_RUN_SCRIPTS":""},"dockerRepository":"projects/uran-48e06/locations/asia-southeast1/repositories/gcf-artifacts","sourceProvenance":{"resolvedStorageSource":{"bucket":"gcf-v2-sources-1072473959382-asia-southeast1","object":"forecastOnDeviceUpdate/function-source.zip","generation":"1788497742942459"}},"dockerRegistry":"ARTIFACT_REGISTRY","serviceAccount":"projects/uran-48e06/serviceAccounts/1072473959382-compute@developer.gserviceaccount.com","automaticUpdatePolicy":{}},"serviceConfig":{"service":"projects/uran-48e06/locations/asia-southeast1/services/forecastondeviceupdate","timeoutSeconds":60,"environmentVariables":{"FIREBASE_CONFIG":"{\"projectId\":\"uran-48e06\",\"databaseURL\":\"https://uran-48e06-default-rtdb.asia-southeast1.firebasedatabase.app\",\"storageBucket\":\"uran-48e06.firebasestorage.app\"}","GCLOUD_PROJECT":"uran-48e06","EVENTARC_CLOUD_EVENT_SOURCE":"projects/uran-48e06/locations/asia-southeast1/services/forecastOnDeviceUpdate","FUNCTION_REGION":"asia-southeast1","FUNCTION_SIGNATURE_TYPE":"cloudevent","FUNCTION_TARGET":"forecastOnDeviceUpdate","LOG_EXECUTION_ID":"true"},"ingressSettings":"ALLOW_ALL","uri":"https://forecastondeviceupdate-gi2vdmawga-as.a.run.app","serviceAccountEmail":"1072473959382-compute@developer.gserviceaccount.com","availableMemory":"256Mi","allTrafficOnLatestRevision":true,"secretEnvironmentVariables":[{"key":"TOMORROW_API_KEY","projectId":"uran-48e06","secret":"TOMORROW_API_KEY","version":"1"}],"revision":"forecastondeviceupdate-00001-huf","maxInstanceRequestConcurrency":80,"availableCpu":"1"},"eventTrigger":{"trigger":"projects/uran-48e06/locations/asia-southeast1/triggers/forecastondeviceupdate-487097","triggerRegion":"asia-southeast1","eventType":"google.firebase.database.ref.v1.updated","eventFilters":[{"attribute":"ref","value":"users/{uid}/devices/{deviceId}","operator":"match-path-pattern"},{"attribute":"instance","value":"*","operator":"match-path-pattern"}],"pubsubTopic":"projects/uran-48e06/topics/eventarc-asia-southeast1-forecastondeviceupdate-487097-498","serviceAccountEmail":"1072473959382-compute@developer.gserviceaccount.com","retryPolicy":"RETRY_POLICY_DO_NOT_RETRY"},"state":"ACTIVE","labels":{"deployment-tool":"cli-firebase","firebase-functions-hash":"a8dbf0d9a66309ac4e6189bb7e884e07c7dcf18c"},"environment":"GEN_2","url":"https://asia-southeast1-uran-48e06.cloudfunctions.net/forecastOnDeviceUpdate","satisfiesPzs":true,"satisfiesPzi":true},"stages":[{"name":"BUILD","message":"Build in progress","state":"IN_PROGRESS","resource":"projects/1072473959382/locations/asia-southeast1/builds/57e66f31-a82b-4dfe-9ccf-0ad428a0002a","resourceUri":"https://console.cloud.google.com/cloud-build/builds;region=asia-southeast1/57e66f31-a82b-4dfe-9ccf-0ad428a0002a?project=1072473959382"},{"name":"SERVICE","state":"NOT_STARTED"},{"name":"TRIGGER","state":"NOT_STARTED"}],"operationType":"UPDATE_FUNCTION","buildName":"projects/1072473959382/locations/asia-southeast1/builds/57e66f31-a82b-4dfe-9ccf-0ad428a0002a"},"done":false}
[debug] [2026-09-04T05:05:31.911Z] [update-default-asia-southeast1-forecastOnDeviceUpdate] Retrying task index 0
[debug] [2026-09-04T05:05:31.912Z] Checked if tokens are valid: true, expires at: 1788499848484
[debug] [2026-09-04T05:05:31.912Z] Checked if tokens are valid: true, expires at: 1788499848484
[debug] [2026-09-04T05:05:31.912Z] >>> [apiv2][query] GET https://cloudfunctions.googleapis.com/v2/projects/uran-48e06/locations/asia-southeast1/operations/operation-1788498240828-65aa132537331-82e8b4b7-32655f57 [none]
[debug] [2026-09-04T05:05:32.272Z] <<< [apiv2][status] GET https://cloudfunctions.googleapis.com/v2/projects/uran-48e06/locations/asia-southeast1/operations/operation-1788498240828-65aa132537331-82e8b4b7-32655f57 200
[debug] [2026-09-04T05:05:32.273Z] <<< [apiv2][body] GET https://cloudfunctions.googleapis.com/v2/projects/uran-48e06/locations/asia-southeast1/operations/operation-1788498240828-65aa132537331-82e8b4b7-32655f57 {"name":"projects/uran-48e06/locations/asia-southeast1/operations/operation-1788498240828-65aa132537331-82e8b4b7-32655f57","metadata":{"@type":"type.googleapis.com/google.cloud.functions.v2.OperationMetadata","createTime":"2026-09-04T05:04:03.117342962Z","target":"projects/uran-48e06/locations/asia-southeast1/functions/forecastOnDeviceUpdate","verb":"update","cancelRequested":false,"apiVersion":"v2","requestResource":{"@type":"type.googleapis.com/google.cloud.functions.v2.Function","name":"projects/uran-48e06/locations/asia-southeast1/functions/forecastOnDeviceUpdate","buildConfig":{"runtime":"nodejs24","entryPoint":"forecastOnDeviceUpdate","source":{"storageSource":{"bucket":"gcf-v2-sources-1072473959382-asia-southeast1","object":"forecastOnDeviceUpdate/function-source.zip","generation":"1788498243060379"}},"environmentVariables":{"GOOGLE_NODE_RUN_SCRIPTS":""},"dockerRepository":"projects/uran-48e06/locations/asia-southeast1/repositories/gcf-artifacts","sourceProvenance":{"resolvedStorageSource":{"bucket":"gcf-v2-sources-1072473959382-asia-southeast1","object":"forecastOnDeviceUpdate/function-source.zip","generation":"1788497742942459"}},"dockerRegistry":"ARTIFACT_REGISTRY","serviceAccount":"projects/uran-48e06/serviceAccounts/1072473959382-compute@developer.gserviceaccount.com","automaticUpdatePolicy":{}},"serviceConfig":{"service":"projects/uran-48e06/locations/asia-southeast1/services/forecastondeviceupdate","timeoutSeconds":60,"environmentVariables":{"FIREBASE_CONFIG":"{\"projectId\":\"uran-48e06\",\"databaseURL\":\"https://uran-48e06-default-rtdb.asia-southeast1.firebasedatabase.app\",\"storageBucket\":\"uran-48e06.firebasestorage.app\"}","GCLOUD_PROJECT":"uran-48e06","EVENTARC_CLOUD_EVENT_SOURCE":"projects/uran-48e06/locations/asia-southeast1/services/forecastOnDeviceUpdate","FUNCTION_REGION":"asia-southeast1","FUNCTION_SIGNATURE_TYPE":"cloudevent","FUNCTION_TARGET":"forecastOnDeviceUpdate","LOG_EXECUTION_ID":"true"},"ingressSettings":"ALLOW_ALL","uri":"https://forecastondeviceupdate-gi2vdmawga-as.a.run.app","serviceAccountEmail":"1072473959382-compute@developer.gserviceaccount.com","availableMemory":"256Mi","allTrafficOnLatestRevision":true,"secretEnvironmentVariables":[{"key":"TOMORROW_API_KEY","projectId":"uran-48e06","secret":"TOMORROW_API_KEY","version":"1"}],"revision":"forecastondeviceupdate-00001-huf","maxInstanceRequestConcurrency":80,"availableCpu":"1"},"eventTrigger":{"trigger":"projects/uran-48e06/locations/asia-southeast1/triggers/forecastondeviceupdate-487097","triggerRegion":"asia-southeast1","eventType":"google.firebase.database.ref.v1.updated","eventFilters":[{"attribute":"ref","value":"users/{uid}/devices/{deviceId}","operator":"match-path-pattern"},{"attribute":"instance","value":"*","operator":"match-path-pattern"}],"pubsubTopic":"projects/uran-48e06/topics/eventarc-asia-southeast1-forecastondeviceupdate-487097-498","serviceAccountEmail":"1072473959382-compute@developer.gserviceaccount.com","retryPolicy":"RETRY_POLICY_DO_NOT_RETRY"},"state":"ACTIVE","labels":{"deployment-tool":"cli-firebase","firebase-functions-hash":"a8dbf0d9a66309ac4e6189bb7e884e07c7dcf18c"},"environment":"GEN_2","url":"https://asia-southeast1-uran-48e06.cloudfunctions.net/forecastOnDeviceUpdate","satisfiesPzs":true,"satisfiesPzi":true},"stages":[{"name":"BUILD","message":"Build in progress","state":"IN_PROGRESS","resource":"projects/1072473959382/locations/asia-southeast1/builds/57e66f31-a82b-4dfe-9ccf-0ad428a0002a","resourceUri":"https://console.cloud.google.com/cloud-build/builds;region=asia-southeast1/57e66f31-a82b-4dfe-9ccf-0ad428a0002a?project=1072473959382"},{"name":"SERVICE","state":"NOT_STARTED"},{"name":"TRIGGER","state":"NOT_STARTED"}],"operationType":"UPDATE_FUNCTION","buildName":"projects/1072473959382/locations/asia-southeast1/builds/57e66f31-a82b-4dfe-9ccf-0ad428a0002a"},"done":false}
[debug] [2026-09-04T05:05:42.277Z] [update-default-asia-southeast1-forecastOnDeviceUpdate] Retrying task index 0
[debug] [2026-09-04T05:05:42.278Z] Checked if tokens are valid: true, expires at: 1788499848484
[debug] [2026-09-04T05:05:42.278Z] Checked if tokens are valid: true, expires at: 1788499848484
[debug] [2026-09-04T05:05:42.278Z] >>> [apiv2][query] GET https://cloudfunctions.googleapis.com/v2/projects/uran-48e06/locations/asia-southeast1/operations/operation-1788498240828-65aa132537331-82e8b4b7-32655f57 [none]
[debug] [2026-09-04T05:05:42.664Z] <<< [apiv2][status] GET https://cloudfunctions.googleapis.com/v2/projects/uran-48e06/locations/asia-southeast1/operations/operation-1788498240828-65aa132537331-82e8b4b7-32655f57 200
[debug] [2026-09-04T05:05:42.664Z] <<< [apiv2][body] GET https://cloudfunctions.googleapis.com/v2/projects/uran-48e06/locations/asia-southeast1/operations/operation-1788498240828-65aa132537331-82e8b4b7-32655f57 {"name":"projects/uran-48e06/locations/asia-southeast1/operations/operation-1788498240828-65aa132537331-82e8b4b7-32655f57","metadata":{"@type":"type.googleapis.com/google.cloud.functions.v2.OperationMetadata","createTime":"2026-09-04T05:04:03.117342962Z","target":"projects/uran-48e06/locations/asia-southeast1/functions/forecastOnDeviceUpdate","verb":"update","cancelRequested":false,"apiVersion":"v2","requestResource":{"@type":"type.googleapis.com/google.cloud.functions.v2.Function","name":"projects/uran-48e06/locations/asia-southeast1/functions/forecastOnDeviceUpdate","buildConfig":{"runtime":"nodejs24","entryPoint":"forecastOnDeviceUpdate","source":{"storageSource":{"bucket":"gcf-v2-sources-1072473959382-asia-southeast1","object":"forecastOnDeviceUpdate/function-source.zip","generation":"1788498243060379"}},"environmentVariables":{"GOOGLE_NODE_RUN_SCRIPTS":""},"dockerRepository":"projects/uran-48e06/locations/asia-southeast1/repositories/gcf-artifacts","sourceProvenance":{"resolvedStorageSource":{"bucket":"gcf-v2-sources-1072473959382-asia-southeast1","object":"forecastOnDeviceUpdate/function-source.zip","generation":"1788497742942459"}},"dockerRegistry":"ARTIFACT_REGISTRY","serviceAccount":"projects/uran-48e06/serviceAccounts/1072473959382-compute@developer.gserviceaccount.com","automaticUpdatePolicy":{}},"serviceConfig":{"service":"projects/uran-48e06/locations/asia-southeast1/services/forecastondeviceupdate","timeoutSeconds":60,"environmentVariables":{"FIREBASE_CONFIG":"{\"projectId\":\"uran-48e06\",\"databaseURL\":\"https://uran-48e06-default-rtdb.asia-southeast1.firebasedatabase.app\",\"storageBucket\":\"uran-48e06.firebasestorage.app\"}","GCLOUD_PROJECT":"uran-48e06","EVENTARC_CLOUD_EVENT_SOURCE":"projects/uran-48e06/locations/asia-southeast1/services/forecastOnDeviceUpdate","FUNCTION_REGION":"asia-southeast1","FUNCTION_SIGNATURE_TYPE":"cloudevent","FUNCTION_TARGET":"forecastOnDeviceUpdate","LOG_EXECUTION_ID":"true"},"ingressSettings":"ALLOW_ALL","uri":"https://forecastondeviceupdate-gi2vdmawga-as.a.run.app","serviceAccountEmail":"1072473959382-compute@developer.gserviceaccount.com","availableMemory":"256Mi","allTrafficOnLatestRevision":true,"secretEnvironmentVariables":[{"key":"TOMORROW_API_KEY","projectId":"uran-48e06","secret":"TOMORROW_API_KEY","version":"1"}],"revision":"forecastondeviceupdate-00001-huf","maxInstanceRequestConcurrency":80,"availableCpu":"1"},"eventTrigger":{"trigger":"projects/uran-48e06/locations/asia-southeast1/triggers/forecastondeviceupdate-487097","triggerRegion":"asia-southeast1","eventType":"google.firebase.database.ref.v1.updated","eventFilters":[{"attribute":"ref","value":"users/{uid}/devices/{deviceId}","operator":"match-path-pattern"},{"attribute":"instance","value":"*","operator":"match-path-pattern"}],"pubsubTopic":"projects/uran-48e06/topics/eventarc-asia-southeast1-forecastondeviceupdate-487097-498","serviceAccountEmail":"1072473959382-compute@developer.gserviceaccount.com","retryPolicy":"RETRY_POLICY_DO_NOT_RETRY"},"state":"ACTIVE","labels":{"deployment-tool":"cli-firebase","firebase-functions-hash":"a8dbf0d9a66309ac4e6189bb7e884e07c7dcf18c"},"environment":"GEN_2","url":"https://asia-southeast1-uran-48e06.cloudfunctions.net/forecastOnDeviceUpdate","satisfiesPzs":true,"satisfiesPzi":true},"stages":[{"name":"BUILD","message":"Build in progress","state":"IN_PROGRESS","resource":"projects/1072473959382/locations/asia-southeast1/builds/57e66f31-a82b-4dfe-9ccf-0ad428a0002a","resourceUri":"https://console.cloud.google.com/cloud-build/builds;region=asia-southeast1/57e66f31-a82b-4dfe-9ccf-0ad428a0002a?project=1072473959382"},{"name":"SERVICE","state":"NOT_STARTED"},{"name":"TRIGGER","state":"NOT_STARTED"}],"operationType":"UPDATE_FUNCTION","buildName":"projects/1072473959382/locations/asia-southeast1/builds/57e66f31-a82b-4dfe-9ccf-0ad428a0002a"},"done":false}
[debug] [2026-09-04T05:05:52.676Z] [update-default-asia-southeast1-forecastOnDeviceUpdate] Retrying task index 0
[debug] [2026-09-04T05:05:52.677Z] Checked if tokens are valid: true, expires at: 1788499848484
[debug] [2026-09-04T05:05:52.677Z] Checked if tokens are valid: true, expires at: 1788499848484
[debug] [2026-09-04T05:05:52.677Z] >>> [apiv2][query] GET https://cloudfunctions.googleapis.com/v2/projects/uran-48e06/locations/asia-southeast1/operations/operation-1788498240828-65aa132537331-82e8b4b7-32655f57 [none]
[debug] [2026-09-04T05:05:52.837Z] <<< [apiv2][status] GET https://cloudfunctions.googleapis.com/v2/projects/uran-48e06/locations/asia-southeast1/operations/operation-1788498240828-65aa132537331-82e8b4b7-32655f57 200
[debug] [2026-09-04T05:05:52.838Z] <<< [apiv2][body] GET https://cloudfunctions.googleapis.com/v2/projects/uran-48e06/locations/asia-southeast1/operations/operation-1788498240828-65aa132537331-82e8b4b7-32655f57 {"name":"projects/uran-48e06/locations/asia-southeast1/operations/operation-1788498240828-65aa132537331-82e8b4b7-32655f57","metadata":{"@type":"type.googleapis.com/google.cloud.functions.v2.OperationMetadata","createTime":"2026-09-04T05:04:03.117342962Z","target":"projects/uran-48e06/locations/asia-southeast1/functions/forecastOnDeviceUpdate","verb":"update","cancelRequested":false,"apiVersion":"v2","requestResource":{"@type":"type.googleapis.com/google.cloud.functions.v2.Function","name":"projects/uran-48e06/locations/asia-southeast1/functions/forecastOnDeviceUpdate","buildConfig":{"runtime":"nodejs24","entryPoint":"forecastOnDeviceUpdate","source":{"storageSource":{"bucket":"gcf-v2-sources-1072473959382-asia-southeast1","object":"forecastOnDeviceUpdate/function-source.zip","generation":"1788498243060379"}},"environmentVariables":{"GOOGLE_NODE_RUN_SCRIPTS":""},"dockerRepository":"projects/uran-48e06/locations/asia-southeast1/repositories/gcf-artifacts","sourceProvenance":{"resolvedStorageSource":{"bucket":"gcf-v2-sources-1072473959382-asia-southeast1","object":"forecastOnDeviceUpdate/function-source.zip","generation":"1788497742942459"}},"dockerRegistry":"ARTIFACT_REGISTRY","serviceAccount":"projects/uran-48e06/serviceAccounts/1072473959382-compute@developer.gserviceaccount.com","automaticUpdatePolicy":{}},"serviceConfig":{"service":"projects/uran-48e06/locations/asia-southeast1/services/forecastondeviceupdate","timeoutSeconds":60,"environmentVariables":{"FIREBASE_CONFIG":"{\"projectId\":\"uran-48e06\",\"databaseURL\":\"https://uran-48e06-default-rtdb.asia-southeast1.firebasedatabase.app\",\"storageBucket\":\"uran-48e06.firebasestorage.app\"}","GCLOUD_PROJECT":"uran-48e06","EVENTARC_CLOUD_EVENT_SOURCE":"projects/uran-48e06/locations/asia-southeast1/services/forecastOnDeviceUpdate","FUNCTION_REGION":"asia-southeast1","FUNCTION_SIGNATURE_TYPE":"cloudevent","FUNCTION_TARGET":"forecastOnDeviceUpdate","LOG_EXECUTION_ID":"true"},"ingressSettings":"ALLOW_ALL","uri":"https://forecastondeviceupdate-gi2vdmawga-as.a.run.app","serviceAccountEmail":"1072473959382-compute@developer.gserviceaccount.com","availableMemory":"256Mi","allTrafficOnLatestRevision":true,"secretEnvironmentVariables":[{"key":"TOMORROW_API_KEY","projectId":"uran-48e06","secret":"TOMORROW_API_KEY","version":"1"}],"revision":"forecastondeviceupdate-00001-huf","maxInstanceRequestConcurrency":80,"availableCpu":"1"},"eventTrigger":{"trigger":"projects/uran-48e06/locations/asia-southeast1/triggers/forecastondeviceupdate-487097","triggerRegion":"asia-southeast1","eventType":"google.firebase.database.ref.v1.updated","eventFilters":[{"attribute":"ref","value":"users/{uid}/devices/{deviceId}","operator":"match-path-pattern"},{"attribute":"instance","value":"*","operator":"match-path-pattern"}],"pubsubTopic":"projects/uran-48e06/topics/eventarc-asia-southeast1-forecastondeviceupdate-487097-498","serviceAccountEmail":"1072473959382-compute@developer.gserviceaccount.com","retryPolicy":"RETRY_POLICY_DO_NOT_RETRY"},"state":"ACTIVE","labels":{"deployment-tool":"cli-firebase","firebase-functions-hash":"a8dbf0d9a66309ac4e6189bb7e884e07c7dcf18c"},"environment":"GEN_2","url":"https://asia-southeast1-uran-48e06.cloudfunctions.net/forecastOnDeviceUpdate","satisfiesPzs":true,"satisfiesPzi":true},"stages":[{"name":"BUILD","message":"Build in progress","state":"IN_PROGRESS","resource":"projects/1072473959382/locations/asia-southeast1/builds/57e66f31-a82b-4dfe-9ccf-0ad428a0002a","resourceUri":"https://console.cloud.google.com/cloud-build/builds;region=asia-southeast1/57e66f31-a82b-4dfe-9ccf-0ad428a0002a?project=1072473959382"},{"name":"SERVICE","state":"NOT_STARTED"},{"name":"TRIGGER","state":"NOT_STARTED"}],"operationType":"UPDATE_FUNCTION","buildName":"projects/1072473959382/locations/asia-southeast1/builds/57e66f31-a82b-4dfe-9ccf-0ad428a0002a"},"done":false}
[debug] [2026-09-04T05:06:02.844Z] [update-default-asia-southeast1-forecastOnDeviceUpdate] Retrying task index 0
[debug] [2026-09-04T05:06:02.844Z] Checked if tokens are valid: true, expires at: 1788499848484
[debug] [2026-09-04T05:06:02.844Z] Checked if tokens are valid: true, expires at: 1788499848484
[debug] [2026-09-04T05:06:02.844Z] >>> [apiv2][query] GET https://cloudfunctions.googleapis.com/v2/projects/uran-48e06/locations/asia-southeast1/operations/operation-1788498240828-65aa132537331-82e8b4b7-32655f57 [none]
[debug] [2026-09-04T05:06:03.239Z] <<< [apiv2][status] GET https://cloudfunctions.googleapis.com/v2/projects/uran-48e06/locations/asia-southeast1/operations/operation-1788498240828-65aa132537331-82e8b4b7-32655f57 200
[debug] [2026-09-04T05:06:03.239Z] <<< [apiv2][body] GET https://cloudfunctions.googleapis.com/v2/projects/uran-48e06/locations/asia-southeast1/operations/operation-1788498240828-65aa132537331-82e8b4b7-32655f57 {"name":"projects/uran-48e06/locations/asia-southeast1/operations/operation-1788498240828-65aa132537331-82e8b4b7-32655f57","metadata":{"@type":"type.googleapis.com/google.cloud.functions.v2.OperationMetadata","createTime":"2026-09-04T05:04:03.117342962Z","target":"projects/uran-48e06/locations/asia-southeast1/functions/forecastOnDeviceUpdate","verb":"update","cancelRequested":false,"apiVersion":"v2","requestResource":{"@type":"type.googleapis.com/google.cloud.functions.v2.Function","name":"projects/uran-48e06/locations/asia-southeast1/functions/forecastOnDeviceUpdate","buildConfig":{"runtime":"nodejs24","entryPoint":"forecastOnDeviceUpdate","source":{"storageSource":{"bucket":"gcf-v2-sources-1072473959382-asia-southeast1","object":"forecastOnDeviceUpdate/function-source.zip","generation":"1788498243060379"}},"environmentVariables":{"GOOGLE_NODE_RUN_SCRIPTS":""},"dockerRepository":"projects/uran-48e06/locations/asia-southeast1/repositories/gcf-artifacts","sourceProvenance":{"resolvedStorageSource":{"bucket":"gcf-v2-sources-1072473959382-asia-southeast1","object":"forecastOnDeviceUpdate/function-source.zip","generation":"1788497742942459"}},"dockerRegistry":"ARTIFACT_REGISTRY","serviceAccount":"projects/uran-48e06/serviceAccounts/1072473959382-compute@developer.gserviceaccount.com","automaticUpdatePolicy":{}},"serviceConfig":{"service":"projects/uran-48e06/locations/asia-southeast1/services/forecastondeviceupdate","timeoutSeconds":60,"environmentVariables":{"FIREBASE_CONFIG":"{\"projectId\":\"uran-48e06\",\"databaseURL\":\"https://uran-48e06-default-rtdb.asia-southeast1.firebasedatabase.app\",\"storageBucket\":\"uran-48e06.firebasestorage.app\"}","GCLOUD_PROJECT":"uran-48e06","EVENTARC_CLOUD_EVENT_SOURCE":"projects/uran-48e06/locations/asia-southeast1/services/forecastOnDeviceUpdate","FUNCTION_REGION":"asia-southeast1","FUNCTION_SIGNATURE_TYPE":"cloudevent","FUNCTION_TARGET":"forecastOnDeviceUpdate","LOG_EXECUTION_ID":"true"},"ingressSettings":"ALLOW_ALL","uri":"https://forecastondeviceupdate-gi2vdmawga-as.a.run.app","serviceAccountEmail":"1072473959382-compute@developer.gserviceaccount.com","availableMemory":"256Mi","allTrafficOnLatestRevision":true,"secretEnvironmentVariables":[{"key":"TOMORROW_API_KEY","projectId":"uran-48e06","secret":"TOMORROW_API_KEY","version":"1"}],"revision":"forecastondeviceupdate-00001-huf","maxInstanceRequestConcurrency":80,"availableCpu":"1"},"eventTrigger":{"trigger":"projects/uran-48e06/locations/asia-southeast1/triggers/forecastondeviceupdate-487097","triggerRegion":"asia-southeast1","eventType":"google.firebase.database.ref.v1.updated","eventFilters":[{"attribute":"ref","value":"users/{uid}/devices/{deviceId}","operator":"match-path-pattern"},{"attribute":"instance","value":"*","operator":"match-path-pattern"}],"pubsubTopic":"projects/uran-48e06/topics/eventarc-asia-southeast1-forecastondeviceupdate-487097-498","serviceAccountEmail":"1072473959382-compute@developer.gserviceaccount.com","retryPolicy":"RETRY_POLICY_DO_NOT_RETRY"},"state":"ACTIVE","labels":{"deployment-tool":"cli-firebase","firebase-functions-hash":"a8dbf0d9a66309ac4e6189bb7e884e07c7dcf18c"},"environment":"GEN_2","url":"https://asia-southeast1-uran-48e06.cloudfunctions.net/forecastOnDeviceUpdate","satisfiesPzs":true,"satisfiesPzi":true},"stages":[{"name":"BUILD","message":"Build in progress","state":"IN_PROGRESS","resource":"projects/1072473959382/locations/asia-southeast1/builds/57e66f31-a82b-4dfe-9ccf-0ad428a0002a","resourceUri":"https://console.cloud.google.com/cloud-build/builds;region=asia-southeast1/57e66f31-a82b-4dfe-9ccf-0ad428a0002a?project=1072473959382"},{"name":"SERVICE","state":"NOT_STARTED"},{"name":"TRIGGER","state":"NOT_STARTED"}],"operationType":"UPDATE_FUNCTION","buildName":"projects/1072473959382/locations/asia-southeast1/builds/57e66f31-a82b-4dfe-9ccf-0ad428a0002a"},"done":false}
[debug] [2026-09-04T05:06:13.243Z] [update-default-asia-southeast1-forecastOnDeviceUpdate] Retrying task index 0
[debug] [2026-09-04T05:06:13.244Z] Checked if tokens are valid: true, expires at: 1788499848484
[debug] [2026-09-04T05:06:13.244Z] Checked if tokens are valid: true, expires at: 1788499848484
[debug] [2026-09-04T05:06:13.245Z] >>> [apiv2][query] GET https://cloudfunctions.googleapis.com/v2/projects/uran-48e06/locations/asia-southeast1/operations/operation-1788498240828-65aa132537331-82e8b4b7-32655f57 [none]
[debug] [2026-09-04T05:06:13.663Z] <<< [apiv2][status] GET https://cloudfunctions.googleapis.com/v2/projects/uran-48e06/locations/asia-southeast1/operations/operation-1788498240828-65aa132537331-82e8b4b7-32655f57 200
[debug] [2026-09-04T05:06:13.664Z] <<< [apiv2][body] GET https://cloudfunctions.googleapis.com/v2/projects/uran-48e06/locations/asia-southeast1/operations/operation-1788498240828-65aa132537331-82e8b4b7-32655f57 {"name":"projects/uran-48e06/locations/asia-southeast1/operations/operation-1788498240828-65aa132537331-82e8b4b7-32655f57","metadata":{"@type":"type.googleapis.com/google.cloud.functions.v2.OperationMetadata","createTime":"2026-09-04T05:04:03.117342962Z","target":"projects/uran-48e06/locations/asia-southeast1/functions/forecastOnDeviceUpdate","verb":"update","cancelRequested":false,"apiVersion":"v2","requestResource":{"@type":"type.googleapis.com/google.cloud.functions.v2.Function","name":"projects/uran-48e06/locations/asia-southeast1/functions/forecastOnDeviceUpdate","buildConfig":{"runtime":"nodejs24","entryPoint":"forecastOnDeviceUpdate","source":{"storageSource":{"bucket":"gcf-v2-sources-1072473959382-asia-southeast1","object":"forecastOnDeviceUpdate/function-source.zip","generation":"1788498243060379"}},"environmentVariables":{"GOOGLE_NODE_RUN_SCRIPTS":""},"dockerRepository":"projects/uran-48e06/locations/asia-southeast1/repositories/gcf-artifacts","sourceProvenance":{"resolvedStorageSource":{"bucket":"gcf-v2-sources-1072473959382-asia-southeast1","object":"forecastOnDeviceUpdate/function-source.zip","generation":"1788497742942459"}},"dockerRegistry":"ARTIFACT_REGISTRY","serviceAccount":"projects/uran-48e06/serviceAccounts/1072473959382-compute@developer.gserviceaccount.com","automaticUpdatePolicy":{}},"serviceConfig":{"service":"projects/uran-48e06/locations/asia-southeast1/services/forecastondeviceupdate","timeoutSeconds":60,"environmentVariables":{"FIREBASE_CONFIG":"{\"projectId\":\"uran-48e06\",\"databaseURL\":\"https://uran-48e06-default-rtdb.asia-southeast1.firebasedatabase.app\",\"storageBucket\":\"uran-48e06.firebasestorage.app\"}","GCLOUD_PROJECT":"uran-48e06","EVENTARC_CLOUD_EVENT_SOURCE":"projects/uran-48e06/locations/asia-southeast1/services/forecastOnDeviceUpdate","FUNCTION_REGION":"asia-southeast1","FUNCTION_SIGNATURE_TYPE":"cloudevent","FUNCTION_TARGET":"forecastOnDeviceUpdate","LOG_EXECUTION_ID":"true"},"ingressSettings":"ALLOW_ALL","uri":"https://forecastondeviceupdate-gi2vdmawga-as.a.run.app","serviceAccountEmail":"1072473959382-compute@developer.gserviceaccount.com","availableMemory":"256Mi","allTrafficOnLatestRevision":true,"secretEnvironmentVariables":[{"key":"TOMORROW_API_KEY","projectId":"uran-48e06","secret":"TOMORROW_API_KEY","version":"1"}],"revision":"forecastondeviceupdate-00001-huf","maxInstanceRequestConcurrency":80,"availableCpu":"1"},"eventTrigger":{"trigger":"projects/uran-48e06/locations/asia-southeast1/triggers/forecastondeviceupdate-487097","triggerRegion":"asia-southeast1","eventType":"google.firebase.database.ref.v1.updated","eventFilters":[{"attribute":"ref","value":"users/{uid}/devices/{deviceId}","operator":"match-path-pattern"},{"attribute":"instance","value":"*","operator":"match-path-pattern"}],"pubsubTopic":"projects/uran-48e06/topics/eventarc-asia-southeast1-forecastondeviceupdate-487097-498","serviceAccountEmail":"1072473959382-compute@developer.gserviceaccount.com","retryPolicy":"RETRY_POLICY_DO_NOT_RETRY"},"state":"ACTIVE","labels":{"deployment-tool":"cli-firebase","firebase-functions-hash":"a8dbf0d9a66309ac4e6189bb7e884e07c7dcf18c"},"environment":"GEN_2","url":"https://asia-southeast1-uran-48e06.cloudfunctions.net/forecastOnDeviceUpdate","satisfiesPzs":true,"satisfiesPzi":true},"stages":[{"name":"BUILD","message":"Build in progress","state":"IN_PROGRESS","resource":"projects/1072473959382/locations/asia-southeast1/builds/57e66f31-a82b-4dfe-9ccf-0ad428a0002a","resourceUri":"https://console.cloud.google.com/cloud-build/builds;region=asia-southeast1/57e66f31-a82b-4dfe-9ccf-0ad428a0002a?project=1072473959382"},{"name":"SERVICE","state":"NOT_STARTED"},{"name":"TRIGGER","state":"NOT_STARTED"}],"operationType":"UPDATE_FUNCTION","buildName":"projects/1072473959382/locations/asia-southeast1/builds/57e66f31-a82b-4dfe-9ccf-0ad428a0002a"},"done":false}
[debug] [2026-09-04T05:06:23.675Z] [update-default-asia-southeast1-forecastOnDeviceUpdate] Retrying task index 0
[debug] [2026-09-04T05:06:23.676Z] Checked if tokens are valid: true, expires at: 1788499848484
[debug] [2026-09-04T05:06:23.676Z] Checked if tokens are valid: true, expires at: 1788499848484
[debug] [2026-09-04T05:06:23.676Z] >>> [apiv2][query] GET https://cloudfunctions.googleapis.com/v2/projects/uran-48e06/locations/asia-southeast1/operations/operation-1788498240828-65aa132537331-82e8b4b7-32655f57 [none]
[debug] [2026-09-04T05:06:24.033Z] <<< [apiv2][status] GET https://cloudfunctions.googleapis.com/v2/projects/uran-48e06/locations/asia-southeast1/operations/operation-1788498240828-65aa132537331-82e8b4b7-32655f57 200
[debug] [2026-09-04T05:06:24.033Z] <<< [apiv2][body] GET https://cloudfunctions.googleapis.com/v2/projects/uran-48e06/locations/asia-southeast1/operations/operation-1788498240828-65aa132537331-82e8b4b7-32655f57 {"name":"projects/uran-48e06/locations/asia-southeast1/operations/operation-1788498240828-65aa132537331-82e8b4b7-32655f57","metadata":{"@type":"type.googleapis.com/google.cloud.functions.v2.OperationMetadata","createTime":"2026-09-04T05:04:03.117342962Z","target":"projects/uran-48e06/locations/asia-southeast1/functions/forecastOnDeviceUpdate","verb":"update","cancelRequested":false,"apiVersion":"v2","requestResource":{"@type":"type.googleapis.com/google.cloud.functions.v2.Function","name":"projects/uran-48e06/locations/asia-southeast1/functions/forecastOnDeviceUpdate","buildConfig":{"runtime":"nodejs24","entryPoint":"forecastOnDeviceUpdate","source":{"storageSource":{"bucket":"gcf-v2-sources-1072473959382-asia-southeast1","object":"forecastOnDeviceUpdate/function-source.zip","generation":"1788498243060379"}},"environmentVariables":{"GOOGLE_NODE_RUN_SCRIPTS":""},"dockerRepository":"projects/uran-48e06/locations/asia-southeast1/repositories/gcf-artifacts","sourceProvenance":{"resolvedStorageSource":{"bucket":"gcf-v2-sources-1072473959382-asia-southeast1","object":"forecastOnDeviceUpdate/function-source.zip","generation":"1788497742942459"}},"dockerRegistry":"ARTIFACT_REGISTRY","serviceAccount":"projects/uran-48e06/serviceAccounts/1072473959382-compute@developer.gserviceaccount.com","automaticUpdatePolicy":{}},"serviceConfig":{"service":"projects/uran-48e06/locations/asia-southeast1/services/forecastondeviceupdate","timeoutSeconds":60,"environmentVariables":{"FIREBASE_CONFIG":"{\"projectId\":\"uran-48e06\",\"databaseURL\":\"https://uran-48e06-default-rtdb.asia-southeast1.firebasedatabase.app\",\"storageBucket\":\"uran-48e06.firebasestorage.app\"}","GCLOUD_PROJECT":"uran-48e06","EVENTARC_CLOUD_EVENT_SOURCE":"projects/uran-48e06/locations/asia-southeast1/services/forecastOnDeviceUpdate","FUNCTION_REGION":"asia-southeast1","FUNCTION_SIGNATURE_TYPE":"cloudevent","FUNCTION_TARGET":"forecastOnDeviceUpdate","LOG_EXECUTION_ID":"true"},"ingressSettings":"ALLOW_ALL","uri":"https://forecastondeviceupdate-gi2vdmawga-as.a.run.app","serviceAccountEmail":"1072473959382-compute@developer.gserviceaccount.com","availableMemory":"256Mi","allTrafficOnLatestRevision":true,"secretEnvironmentVariables":[{"key":"TOMORROW_API_KEY","projectId":"uran-48e06","secret":"TOMORROW_API_KEY","version":"1"}],"revision":"forecastondeviceupdate-00001-huf","maxInstanceRequestConcurrency":80,"availableCpu":"1"},"eventTrigger":{"trigger":"projects/uran-48e06/locations/asia-southeast1/triggers/forecastondeviceupdate-487097","triggerRegion":"asia-southeast1","eventType":"google.firebase.database.ref.v1.updated","eventFilters":[{"attribute":"ref","value":"users/{uid}/devices/{deviceId}","operator":"match-path-pattern"},{"attribute":"instance","value":"*","operator":"match-path-pattern"}],"pubsubTopic":"projects/uran-48e06/topics/eventarc-asia-southeast1-forecastondeviceupdate-487097-498","serviceAccountEmail":"1072473959382-compute@developer.gserviceaccount.com","retryPolicy":"RETRY_POLICY_DO_NOT_RETRY"},"state":"ACTIVE","labels":{"deployment-tool":"cli-firebase","firebase-functions-hash":"a8dbf0d9a66309ac4e6189bb7e884e07c7dcf18c"},"environment":"GEN_2","url":"https://asia-southeast1-uran-48e06.cloudfunctions.net/forecastOnDeviceUpdate","satisfiesPzs":true,"satisfiesPzi":true},"stages":[{"name":"BUILD","message":"Build in progress","state":"IN_PROGRESS","resource":"projects/1072473959382/locations/asia-southeast1/builds/57e66f31-a82b-4dfe-9ccf-0ad428a0002a","resourceUri":"https://console.cloud.google.com/cloud-build/builds;region=asia-southeast1/57e66f31-a82b-4dfe-9ccf-0ad428a0002a?project=1072473959382"},{"name":"SERVICE","state":"NOT_STARTED"},{"name":"TRIGGER","state":"NOT_STARTED"}],"operationType":"UPDATE_FUNCTION","buildName":"projects/1072473959382/locations/asia-southeast1/builds/57e66f31-a82b-4dfe-9ccf-0ad428a0002a"},"done":false}
[debug] [2026-09-04T05:06:34.039Z] [update-default-asia-southeast1-forecastOnDeviceUpdate] Retrying task index 0
[debug] [2026-09-04T05:06:34.040Z] Checked if tokens are valid: true, expires at: 1788499848484
[debug] [2026-09-04T05:06:34.040Z] Checked if tokens are valid: true, expires at: 1788499848484
[debug] [2026-09-04T05:06:34.040Z] >>> [apiv2][query] GET https://cloudfunctions.googleapis.com/v2/projects/uran-48e06/locations/asia-southeast1/operations/operation-1788498240828-65aa132537331-82e8b4b7-32655f57 [none]
[debug] [2026-09-04T05:06:34.419Z] <<< [apiv2][status] GET https://cloudfunctions.googleapis.com/v2/projects/uran-48e06/locations/asia-southeast1/operations/operation-1788498240828-65aa132537331-82e8b4b7-32655f57 200
[debug] [2026-09-04T05:06:34.419Z] <<< [apiv2][body] GET https://cloudfunctions.googleapis.com/v2/projects/uran-48e06/locations/asia-southeast1/operations/operation-1788498240828-65aa132537331-82e8b4b7-32655f57 {"name":"projects/uran-48e06/locations/asia-southeast1/operations/operation-1788498240828-65aa132537331-82e8b4b7-32655f57","metadata":{"@type":"type.googleapis.com/google.cloud.functions.v2.OperationMetadata","createTime":"2026-09-04T05:04:03.117342962Z","target":"projects/uran-48e06/locations/asia-southeast1/functions/forecastOnDeviceUpdate","verb":"update","cancelRequested":false,"apiVersion":"v2","requestResource":{"@type":"type.googleapis.com/google.cloud.functions.v2.Function","name":"projects/uran-48e06/locations/asia-southeast1/functions/forecastOnDeviceUpdate","buildConfig":{"runtime":"nodejs24","entryPoint":"forecastOnDeviceUpdate","source":{"storageSource":{"bucket":"gcf-v2-sources-1072473959382-asia-southeast1","object":"forecastOnDeviceUpdate/function-source.zip","generation":"1788498243060379"}},"environmentVariables":{"GOOGLE_NODE_RUN_SCRIPTS":""},"dockerRepository":"projects/uran-48e06/locations/asia-southeast1/repositories/gcf-artifacts","sourceProvenance":{"resolvedStorageSource":{"bucket":"gcf-v2-sources-1072473959382-asia-southeast1","object":"forecastOnDeviceUpdate/function-source.zip","generation":"1788497742942459"}},"dockerRegistry":"ARTIFACT_REGISTRY","serviceAccount":"projects/uran-48e06/serviceAccounts/1072473959382-compute@developer.gserviceaccount.com","automaticUpdatePolicy":{}},"serviceConfig":{"service":"projects/uran-48e06/locations/asia-southeast1/services/forecastondeviceupdate","timeoutSeconds":60,"environmentVariables":{"FIREBASE_CONFIG":"{\"projectId\":\"uran-48e06\",\"databaseURL\":\"https://uran-48e06-default-rtdb.asia-southeast1.firebasedatabase.app\",\"storageBucket\":\"uran-48e06.firebasestorage.app\"}","GCLOUD_PROJECT":"uran-48e06","EVENTARC_CLOUD_EVENT_SOURCE":"projects/uran-48e06/locations/asia-southeast1/services/forecastOnDeviceUpdate","FUNCTION_REGION":"asia-southeast1","FUNCTION_SIGNATURE_TYPE":"cloudevent","FUNCTION_TARGET":"forecastOnDeviceUpdate","LOG_EXECUTION_ID":"true"},"ingressSettings":"ALLOW_ALL","uri":"https://forecastondeviceupdate-gi2vdmawga-as.a.run.app","serviceAccountEmail":"1072473959382-compute@developer.gserviceaccount.com","availableMemory":"256Mi","allTrafficOnLatestRevision":true,"secretEnvironmentVariables":[{"key":"TOMORROW_API_KEY","projectId":"uran-48e06","secret":"TOMORROW_API_KEY","version":"1"}],"revision":"forecastondeviceupdate-00001-huf","maxInstanceRequestConcurrency":80,"availableCpu":"1"},"eventTrigger":{"trigger":"projects/uran-48e06/locations/asia-southeast1/triggers/forecastondeviceupdate-487097","triggerRegion":"asia-southeast1","eventType":"google.firebase.database.ref.v1.updated","eventFilters":[{"attribute":"ref","value":"users/{uid}/devices/{deviceId}","operator":"match-path-pattern"},{"attribute":"instance","value":"*","operator":"match-path-pattern"}],"pubsubTopic":"projects/uran-48e06/topics/eventarc-asia-southeast1-forecastondeviceupdate-487097-498","serviceAccountEmail":"1072473959382-compute@developer.gserviceaccount.com","retryPolicy":"RETRY_POLICY_DO_NOT_RETRY"},"state":"ACTIVE","labels":{"deployment-tool":"cli-firebase","firebase-functions-hash":"a8dbf0d9a66309ac4e6189bb7e884e07c7dcf18c"},"environment":"GEN_2","url":"https://asia-southeast1-uran-48e06.cloudfunctions.net/forecastOnDeviceUpdate","satisfiesPzs":true,"satisfiesPzi":true},"stages":[{"name":"BUILD","message":"Build in progress","state":"IN_PROGRESS","resource":"projects/1072473959382/locations/asia-southeast1/builds/57e66f31-a82b-4dfe-9ccf-0ad428a0002a","resourceUri":"https://console.cloud.google.com/cloud-build/builds;region=asia-southeast1/57e66f31-a82b-4dfe-9ccf-0ad428a0002a?project=1072473959382"},{"name":"SERVICE","state":"NOT_STARTED"},{"name":"TRIGGER","state":"NOT_STARTED"}],"operationType":"UPDATE_FUNCTION","buildName":"projects/1072473959382/locations/asia-southeast1/builds/57e66f31-a82b-4dfe-9ccf-0ad428a0002a"},"done":false}
[debug] [2026-09-04T05:06:44.421Z] [update-default-asia-southeast1-forecastOnDeviceUpdate] Retrying task index 0
[debug] [2026-09-04T05:06:44.422Z] Checked if tokens are valid: true, expires at: 1788499848484
[debug] [2026-09-04T05:06:44.422Z] Checked if tokens are valid: true, expires at: 1788499848484
[debug] [2026-09-04T05:06:44.422Z] >>> [apiv2][query] GET https://cloudfunctions.googleapis.com/v2/projects/uran-48e06/locations/asia-southeast1/operations/operation-1788498240828-65aa132537331-82e8b4b7-32655f57 [none]
[debug] [2026-09-04T05:06:44.781Z] <<< [apiv2][status] GET https://cloudfunctions.googleapis.com/v2/projects/uran-48e06/locations/asia-southeast1/operations/operation-1788498240828-65aa132537331-82e8b4b7-32655f57 200
[debug] [2026-09-04T05:06:44.782Z] <<< [apiv2][body] GET https://cloudfunctions.googleapis.com/v2/projects/uran-48e06/locations/asia-southeast1/operations/operation-1788498240828-65aa132537331-82e8b4b7-32655f57 {"name":"projects/uran-48e06/locations/asia-southeast1/operations/operation-1788498240828-65aa132537331-82e8b4b7-32655f57","metadata":{"@type":"type.googleapis.com/google.cloud.functions.v2.OperationMetadata","createTime":"2026-09-04T05:04:03.117342962Z","target":"projects/uran-48e06/locations/asia-southeast1/functions/forecastOnDeviceUpdate","verb":"update","cancelRequested":false,"apiVersion":"v2","requestResource":{"@type":"type.googleapis.com/google.cloud.functions.v2.Function","name":"projects/uran-48e06/locations/asia-southeast1/functions/forecastOnDeviceUpdate","buildConfig":{"runtime":"nodejs24","entryPoint":"forecastOnDeviceUpdate","source":{"storageSource":{"bucket":"gcf-v2-sources-1072473959382-asia-southeast1","object":"forecastOnDeviceUpdate/function-source.zip","generation":"1788498243060379"}},"environmentVariables":{"GOOGLE_NODE_RUN_SCRIPTS":""},"dockerRepository":"projects/uran-48e06/locations/asia-southeast1/repositories/gcf-artifacts","sourceProvenance":{"resolvedStorageSource":{"bucket":"gcf-v2-sources-1072473959382-asia-southeast1","object":"forecastOnDeviceUpdate/function-source.zip","generation":"1788497742942459"}},"dockerRegistry":"ARTIFACT_REGISTRY","serviceAccount":"projects/uran-48e06/serviceAccounts/1072473959382-compute@developer.gserviceaccount.com","automaticUpdatePolicy":{}},"serviceConfig":{"service":"projects/uran-48e06/locations/asia-southeast1/services/forecastondeviceupdate","timeoutSeconds":60,"environmentVariables":{"FIREBASE_CONFIG":"{\"projectId\":\"uran-48e06\",\"databaseURL\":\"https://uran-48e06-default-rtdb.asia-southeast1.firebasedatabase.app\",\"storageBucket\":\"uran-48e06.firebasestorage.app\"}","GCLOUD_PROJECT":"uran-48e06","EVENTARC_CLOUD_EVENT_SOURCE":"projects/uran-48e06/locations/asia-southeast1/services/forecastOnDeviceUpdate","FUNCTION_REGION":"asia-southeast1","FUNCTION_SIGNATURE_TYPE":"cloudevent","FUNCTION_TARGET":"forecastOnDeviceUpdate","LOG_EXECUTION_ID":"true"},"ingressSettings":"ALLOW_ALL","uri":"https://forecastondeviceupdate-gi2vdmawga-as.a.run.app","serviceAccountEmail":"1072473959382-compute@developer.gserviceaccount.com","availableMemory":"256Mi","allTrafficOnLatestRevision":true,"secretEnvironmentVariables":[{"key":"TOMORROW_API_KEY","projectId":"uran-48e06","secret":"TOMORROW_API_KEY","version":"1"}],"revision":"forecastondeviceupdate-00001-huf","maxInstanceRequestConcurrency":80,"availableCpu":"1"},"eventTrigger":{"trigger":"projects/uran-48e06/locations/asia-southeast1/triggers/forecastondeviceupdate-487097","triggerRegion":"asia-southeast1","eventType":"google.firebase.database.ref.v1.updated","eventFilters":[{"attribute":"ref","value":"users/{uid}/devices/{deviceId}","operator":"match-path-pattern"},{"attribute":"instance","value":"*","operator":"match-path-pattern"}],"pubsubTopic":"projects/uran-48e06/topics/eventarc-asia-southeast1-forecastondeviceupdate-487097-498","serviceAccountEmail":"1072473959382-compute@developer.gserviceaccount.com","retryPolicy":"RETRY_POLICY_DO_NOT_RETRY"},"state":"ACTIVE","labels":{"deployment-tool":"cli-firebase","firebase-functions-hash":"a8dbf0d9a66309ac4e6189bb7e884e07c7dcf18c"},"environment":"GEN_2","url":"https://asia-southeast1-uran-48e06.cloudfunctions.net/forecastOnDeviceUpdate","satisfiesPzs":true,"satisfiesPzi":true},"stages":[{"name":"BUILD","message":"Build in progress","state":"IN_PROGRESS","resource":"projects/1072473959382/locations/asia-southeast1/builds/57e66f31-a82b-4dfe-9ccf-0ad428a0002a","resourceUri":"https://console.cloud.google.com/cloud-build/builds;region=asia-southeast1/57e66f31-a82b-4dfe-9ccf-0ad428a0002a?project=1072473959382"},{"name":"SERVICE","state":"NOT_STARTED"},{"name":"TRIGGER","state":"NOT_STARTED"}],"operationType":"UPDATE_FUNCTION","buildName":"projects/1072473959382/locations/asia-southeast1/builds/57e66f31-a82b-4dfe-9ccf-0ad428a0002a"},"done":false}
[debug] [2026-09-04T05:06:54.789Z] [update-default-asia-southeast1-forecastOnDeviceUpdate] Retrying task index 0
[debug] [2026-09-04T05:06:54.790Z] Checked if tokens are valid: true, expires at: 1788499848484
[debug] [2026-09-04T05:06:54.790Z] Checked if tokens are valid: true, expires at: 1788499848484
[debug] [2026-09-04T05:06:54.790Z] >>> [apiv2][query] GET https://cloudfunctions.googleapis.com/v2/projects/uran-48e06/locations/asia-southeast1/operations/operation-1788498240828-65aa132537331-82e8b4b7-32655f57 [none]
[debug] [2026-09-04T05:06:55.144Z] <<< [apiv2][status] GET https://cloudfunctions.googleapis.com/v2/projects/uran-48e06/locations/asia-southeast1/operations/operation-1788498240828-65aa132537331-82e8b4b7-32655f57 200
[debug] [2026-09-04T05:06:55.144Z] <<< [apiv2][body] GET https://cloudfunctions.googleapis.com/v2/projects/uran-48e06/locations/asia-southeast1/operations/operation-1788498240828-65aa132537331-82e8b4b7-32655f57 {"name":"projects/uran-48e06/locations/asia-southeast1/operations/operation-1788498240828-65aa132537331-82e8b4b7-32655f57","metadata":{"@type":"type.googleapis.com/google.cloud.functions.v2.OperationMetadata","createTime":"2026-09-04T05:04:03.117342962Z","target":"projects/uran-48e06/locations/asia-southeast1/functions/forecastOnDeviceUpdate","verb":"update","cancelRequested":false,"apiVersion":"v2","requestResource":{"@type":"type.googleapis.com/google.cloud.functions.v2.Function","name":"projects/uran-48e06/locations/asia-southeast1/functions/forecastOnDeviceUpdate","buildConfig":{"runtime":"nodejs24","entryPoint":"forecastOnDeviceUpdate","source":{"storageSource":{"bucket":"gcf-v2-sources-1072473959382-asia-southeast1","object":"forecastOnDeviceUpdate/function-source.zip","generation":"1788498243060379"}},"environmentVariables":{"GOOGLE_NODE_RUN_SCRIPTS":""},"dockerRepository":"projects/uran-48e06/locations/asia-southeast1/repositories/gcf-artifacts","sourceProvenance":{"resolvedStorageSource":{"bucket":"gcf-v2-sources-1072473959382-asia-southeast1","object":"forecastOnDeviceUpdate/function-source.zip","generation":"1788497742942459"}},"dockerRegistry":"ARTIFACT_REGISTRY","serviceAccount":"projects/uran-48e06/serviceAccounts/1072473959382-compute@developer.gserviceaccount.com","automaticUpdatePolicy":{}},"serviceConfig":{"service":"projects/uran-48e06/locations/asia-southeast1/services/forecastondeviceupdate","timeoutSeconds":60,"environmentVariables":{"FIREBASE_CONFIG":"{\"projectId\":\"uran-48e06\",\"databaseURL\":\"https://uran-48e06-default-rtdb.asia-southeast1.firebasedatabase.app\",\"storageBucket\":\"uran-48e06.firebasestorage.app\"}","GCLOUD_PROJECT":"uran-48e06","EVENTARC_CLOUD_EVENT_SOURCE":"projects/uran-48e06/locations/asia-southeast1/services/forecastOnDeviceUpdate","FUNCTION_REGION":"asia-southeast1","FUNCTION_SIGNATURE_TYPE":"cloudevent","FUNCTION_TARGET":"forecastOnDeviceUpdate","LOG_EXECUTION_ID":"true"},"ingressSettings":"ALLOW_ALL","uri":"https://forecastondeviceupdate-gi2vdmawga-as.a.run.app","serviceAccountEmail":"1072473959382-compute@developer.gserviceaccount.com","availableMemory":"256Mi","allTrafficOnLatestRevision":true,"secretEnvironmentVariables":[{"key":"TOMORROW_API_KEY","projectId":"uran-48e06","secret":"TOMORROW_API_KEY","version":"1"}],"revision":"forecastondeviceupdate-00001-huf","maxInstanceRequestConcurrency":80,"availableCpu":"1"},"eventTrigger":{"trigger":"projects/uran-48e06/locations/asia-southeast1/triggers/forecastondeviceupdate-487097","triggerRegion":"asia-southeast1","eventType":"google.firebase.database.ref.v1.updated","eventFilters":[{"attribute":"ref","value":"users/{uid}/devices/{deviceId}","operator":"match-path-pattern"},{"attribute":"instance","value":"*","operator":"match-path-pattern"}],"pubsubTopic":"projects/uran-48e06/topics/eventarc-asia-southeast1-forecastondeviceupdate-487097-498","serviceAccountEmail":"1072473959382-compute@developer.gserviceaccount.com","retryPolicy":"RETRY_POLICY_DO_NOT_RETRY"},"state":"ACTIVE","labels":{"deployment-tool":"cli-firebase","firebase-functions-hash":"a8dbf0d9a66309ac4e6189bb7e884e07c7dcf18c"},"environment":"GEN_2","url":"https://asia-southeast1-uran-48e06.cloudfunctions.net/forecastOnDeviceUpdate","satisfiesPzs":true,"satisfiesPzi":true},"stages":[{"name":"BUILD","message":"Build in progress","state":"IN_PROGRESS","resource":"projects/1072473959382/locations/asia-southeast1/builds/57e66f31-a82b-4dfe-9ccf-0ad428a0002a","resourceUri":"https://console.cloud.google.com/cloud-build/builds;region=asia-southeast1/57e66f31-a82b-4dfe-9ccf-0ad428a0002a?project=1072473959382"},{"name":"SERVICE","state":"NOT_STARTED"},{"name":"TRIGGER","state":"NOT_STARTED"}],"operationType":"UPDATE_FUNCTION","buildName":"projects/1072473959382/locations/asia-southeast1/builds/57e66f31-a82b-4dfe-9ccf-0ad428a0002a"},"done":false}
[debug] [2026-09-04T05:07:05.158Z] [update-default-asia-southeast1-forecastOnDeviceUpdate] Retrying task index 0
[debug] [2026-09-04T05:07:05.158Z] Checked if tokens are valid: true, expires at: 1788499848484
[debug] [2026-09-04T05:07:05.158Z] Checked if tokens are valid: true, expires at: 1788499848484
[debug] [2026-09-04T05:07:05.159Z] >>> [apiv2][query] GET https://cloudfunctions.googleapis.com/v2/projects/uran-48e06/locations/asia-southeast1/operations/operation-1788498240828-65aa132537331-82e8b4b7-32655f57 [none]
[debug] [2026-09-04T05:07:05.586Z] <<< [apiv2][status] GET https://cloudfunctions.googleapis.com/v2/projects/uran-48e06/locations/asia-southeast1/operations/operation-1788498240828-65aa132537331-82e8b4b7-32655f57 200
[debug] [2026-09-04T05:07:05.586Z] <<< [apiv2][body] GET https://cloudfunctions.googleapis.com/v2/projects/uran-48e06/locations/asia-southeast1/operations/operation-1788498240828-65aa132537331-82e8b4b7-32655f57 {"name":"projects/uran-48e06/locations/asia-southeast1/operations/operation-1788498240828-65aa132537331-82e8b4b7-32655f57","metadata":{"@type":"type.googleapis.com/google.cloud.functions.v2.OperationMetadata","createTime":"2026-09-04T05:04:03.117342962Z","target":"projects/uran-48e06/locations/asia-southeast1/functions/forecastOnDeviceUpdate","verb":"update","cancelRequested":false,"apiVersion":"v2","requestResource":{"@type":"type.googleapis.com/google.cloud.functions.v2.Function","name":"projects/uran-48e06/locations/asia-southeast1/functions/forecastOnDeviceUpdate","buildConfig":{"runtime":"nodejs24","entryPoint":"forecastOnDeviceUpdate","source":{"storageSource":{"bucket":"gcf-v2-sources-1072473959382-asia-southeast1","object":"forecastOnDeviceUpdate/function-source.zip","generation":"1788498243060379"}},"environmentVariables":{"GOOGLE_NODE_RUN_SCRIPTS":""},"dockerRepository":"projects/uran-48e06/locations/asia-southeast1/repositories/gcf-artifacts","sourceProvenance":{"resolvedStorageSource":{"bucket":"gcf-v2-sources-1072473959382-asia-southeast1","object":"forecastOnDeviceUpdate/function-source.zip","generation":"1788497742942459"}},"dockerRegistry":"ARTIFACT_REGISTRY","serviceAccount":"projects/uran-48e06/serviceAccounts/1072473959382-compute@developer.gserviceaccount.com","automaticUpdatePolicy":{}},"serviceConfig":{"service":"projects/uran-48e06/locations/asia-southeast1/services/forecastondeviceupdate","timeoutSeconds":60,"environmentVariables":{"FIREBASE_CONFIG":"{\"projectId\":\"uran-48e06\",\"databaseURL\":\"https://uran-48e06-default-rtdb.asia-southeast1.firebasedatabase.app\",\"storageBucket\":\"uran-48e06.firebasestorage.app\"}","GCLOUD_PROJECT":"uran-48e06","EVENTARC_CLOUD_EVENT_SOURCE":"projects/uran-48e06/locations/asia-southeast1/services/forecastOnDeviceUpdate","FUNCTION_REGION":"asia-southeast1","FUNCTION_SIGNATURE_TYPE":"cloudevent","FUNCTION_TARGET":"forecastOnDeviceUpdate","LOG_EXECUTION_ID":"true"},"ingressSettings":"ALLOW_ALL","uri":"https://forecastondeviceupdate-gi2vdmawga-as.a.run.app","serviceAccountEmail":"1072473959382-compute@developer.gserviceaccount.com","availableMemory":"256Mi","allTrafficOnLatestRevision":true,"secretEnvironmentVariables":[{"key":"TOMORROW_API_KEY","projectId":"uran-48e06","secret":"TOMORROW_API_KEY","version":"1"}],"revision":"forecastondeviceupdate-00001-huf","maxInstanceRequestConcurrency":80,"availableCpu":"1"},"eventTrigger":{"trigger":"projects/uran-48e06/locations/asia-southeast1/triggers/forecastondeviceupdate-487097","triggerRegion":"asia-southeast1","eventType":"google.firebase.database.ref.v1.updated","eventFilters":[{"attribute":"ref","value":"users/{uid}/devices/{deviceId}","operator":"match-path-pattern"},{"attribute":"instance","value":"*","operator":"match-path-pattern"}],"pubsubTopic":"projects/uran-48e06/topics/eventarc-asia-southeast1-forecastondeviceupdate-487097-498","serviceAccountEmail":"1072473959382-compute@developer.gserviceaccount.com","retryPolicy":"RETRY_POLICY_DO_NOT_RETRY"},"state":"ACTIVE","labels":{"deployment-tool":"cli-firebase","firebase-functions-hash":"a8dbf0d9a66309ac4e6189bb7e884e07c7dcf18c"},"environment":"GEN_2","url":"https://asia-southeast1-uran-48e06.cloudfunctions.net/forecastOnDeviceUpdate","satisfiesPzs":true,"satisfiesPzi":true},"stages":[{"name":"BUILD","message":"Build in progress","state":"IN_PROGRESS","resource":"projects/1072473959382/locations/asia-southeast1/builds/57e66f31-a82b-4dfe-9ccf-0ad428a0002a","resourceUri":"https://console.cloud.google.com/cloud-build/builds;region=asia-southeast1/57e66f31-a82b-4dfe-9ccf-0ad428a0002a?project=1072473959382"},{"name":"SERVICE","state":"NOT_STARTED"},{"name":"TRIGGER","state":"NOT_STARTED"}],"operationType":"UPDATE_FUNCTION","buildName":"projects/1072473959382/locations/asia-southeast1/builds/57e66f31-a82b-4dfe-9ccf-0ad428a0002a"},"done":false}
[debug] [2026-09-04T05:07:15.594Z] [update-default-asia-southeast1-forecastOnDeviceUpdate] Retrying task index 0
[debug] [2026-09-04T05:07:15.594Z] Checked if tokens are valid: true, expires at: 1788499848484
[debug] [2026-09-04T05:07:15.594Z] Checked if tokens are valid: true, expires at: 1788499848484
[debug] [2026-09-04T05:07:15.594Z] >>> [apiv2][query] GET https://cloudfunctions.googleapis.com/v2/projects/uran-48e06/locations/asia-southeast1/operations/operation-1788498240828-65aa132537331-82e8b4b7-32655f57 [none]
[debug] [2026-09-04T05:07:15.941Z] <<< [apiv2][status] GET https://cloudfunctions.googleapis.com/v2/projects/uran-48e06/locations/asia-southeast1/operations/operation-1788498240828-65aa132537331-82e8b4b7-32655f57 200
[debug] [2026-09-04T05:07:15.941Z] <<< [apiv2][body] GET https://cloudfunctions.googleapis.com/v2/projects/uran-48e06/locations/asia-southeast1/operations/operation-1788498240828-65aa132537331-82e8b4b7-32655f57 {"name":"projects/uran-48e06/locations/asia-southeast1/operations/operation-1788498240828-65aa132537331-82e8b4b7-32655f57","metadata":{"@type":"type.googleapis.com/google.cloud.functions.v2.OperationMetadata","createTime":"2026-09-04T05:04:03.117342962Z","target":"projects/uran-48e06/locations/asia-southeast1/functions/forecastOnDeviceUpdate","verb":"update","cancelRequested":false,"apiVersion":"v2","requestResource":{"@type":"type.googleapis.com/google.cloud.functions.v2.Function","name":"projects/uran-48e06/locations/asia-southeast1/functions/forecastOnDeviceUpdate","buildConfig":{"runtime":"nodejs24","entryPoint":"forecastOnDeviceUpdate","source":{"storageSource":{"bucket":"gcf-v2-sources-1072473959382-asia-southeast1","object":"forecastOnDeviceUpdate/function-source.zip","generation":"1788498243060379"}},"environmentVariables":{"GOOGLE_NODE_RUN_SCRIPTS":""},"dockerRepository":"projects/uran-48e06/locations/asia-southeast1/repositories/gcf-artifacts","sourceProvenance":{"resolvedStorageSource":{"bucket":"gcf-v2-sources-1072473959382-asia-southeast1","object":"forecastOnDeviceUpdate/function-source.zip","generation":"1788497742942459"}},"dockerRegistry":"ARTIFACT_REGISTRY","serviceAccount":"projects/uran-48e06/serviceAccounts/1072473959382-compute@developer.gserviceaccount.com","automaticUpdatePolicy":{}},"serviceConfig":{"service":"projects/uran-48e06/locations/asia-southeast1/services/forecastondeviceupdate","timeoutSeconds":60,"environmentVariables":{"FIREBASE_CONFIG":"{\"projectId\":\"uran-48e06\",\"databaseURL\":\"https://uran-48e06-default-rtdb.asia-southeast1.firebasedatabase.app\",\"storageBucket\":\"uran-48e06.firebasestorage.app\"}","GCLOUD_PROJECT":"uran-48e06","EVENTARC_CLOUD_EVENT_SOURCE":"projects/uran-48e06/locations/asia-southeast1/services/forecastOnDeviceUpdate","FUNCTION_REGION":"asia-southeast1","FUNCTION_SIGNATURE_TYPE":"cloudevent","FUNCTION_TARGET":"forecastOnDeviceUpdate","LOG_EXECUTION_ID":"true"},"ingressSettings":"ALLOW_ALL","uri":"https://forecastondeviceupdate-gi2vdmawga-as.a.run.app","serviceAccountEmail":"1072473959382-compute@developer.gserviceaccount.com","availableMemory":"256Mi","allTrafficOnLatestRevision":true,"secretEnvironmentVariables":[{"key":"TOMORROW_API_KEY","projectId":"uran-48e06","secret":"TOMORROW_API_KEY","version":"1"}],"revision":"forecastondeviceupdate-00001-huf","maxInstanceRequestConcurrency":80,"availableCpu":"1"},"eventTrigger":{"trigger":"projects/uran-48e06/locations/asia-southeast1/triggers/forecastondeviceupdate-487097","triggerRegion":"asia-southeast1","eventType":"google.firebase.database.ref.v1.updated","eventFilters":[{"attribute":"ref","value":"users/{uid}/devices/{deviceId}","operator":"match-path-pattern"},{"attribute":"instance","value":"*","operator":"match-path-pattern"}],"pubsubTopic":"projects/uran-48e06/topics/eventarc-asia-southeast1-forecastondeviceupdate-487097-498","serviceAccountEmail":"1072473959382-compute@developer.gserviceaccount.com","retryPolicy":"RETRY_POLICY_DO_NOT_RETRY"},"state":"ACTIVE","labels":{"deployment-tool":"cli-firebase","firebase-functions-hash":"a8dbf0d9a66309ac4e6189bb7e884e07c7dcf18c"},"environment":"GEN_2","url":"https://asia-southeast1-uran-48e06.cloudfunctions.net/forecastOnDeviceUpdate","satisfiesPzs":true,"satisfiesPzi":true},"stages":[{"name":"BUILD","message":"Build in progress","state":"IN_PROGRESS","resource":"projects/1072473959382/locations/asia-southeast1/builds/57e66f31-a82b-4dfe-9ccf-0ad428a0002a","resourceUri":"https://console.cloud.google.com/cloud-build/builds;region=asia-southeast1/57e66f31-a82b-4dfe-9ccf-0ad428a0002a?project=1072473959382"},{"name":"SERVICE","state":"NOT_STARTED"},{"name":"TRIGGER","state":"NOT_STARTED"}],"operationType":"UPDATE_FUNCTION","buildName":"projects/1072473959382/locations/asia-southeast1/builds/57e66f31-a82b-4dfe-9ccf-0ad428a0002a"},"done":false}
[debug] [2026-09-04T05:07:25.947Z] [update-default-asia-southeast1-forecastOnDeviceUpdate] Retrying task index 0
[debug] [2026-09-04T05:07:25.947Z] Checked if tokens are valid: true, expires at: 1788499848484
[debug] [2026-09-04T05:07:25.947Z] Checked if tokens are valid: true, expires at: 1788499848484
[debug] [2026-09-04T05:07:25.947Z] >>> [apiv2][query] GET https://cloudfunctions.googleapis.com/v2/projects/uran-48e06/locations/asia-southeast1/operations/operation-1788498240828-65aa132537331-82e8b4b7-32655f57 [none]
[debug] [2026-09-04T05:07:26.335Z] <<< [apiv2][status] GET https://cloudfunctions.googleapis.com/v2/projects/uran-48e06/locations/asia-southeast1/operations/operation-1788498240828-65aa132537331-82e8b4b7-32655f57 200
[debug] [2026-09-04T05:07:26.335Z] <<< [apiv2][body] GET https://cloudfunctions.googleapis.com/v2/projects/uran-48e06/locations/asia-southeast1/operations/operation-1788498240828-65aa132537331-82e8b4b7-32655f57 {"name":"projects/uran-48e06/locations/asia-southeast1/operations/operation-1788498240828-65aa132537331-82e8b4b7-32655f57","metadata":{"@type":"type.googleapis.com/google.cloud.functions.v2.OperationMetadata","createTime":"2026-09-04T05:04:03.117342962Z","target":"projects/uran-48e06/locations/asia-southeast1/functions/forecastOnDeviceUpdate","verb":"update","cancelRequested":false,"apiVersion":"v2","requestResource":{"@type":"type.googleapis.com/google.cloud.functions.v2.Function","name":"projects/uran-48e06/locations/asia-southeast1/functions/forecastOnDeviceUpdate","buildConfig":{"runtime":"nodejs24","entryPoint":"forecastOnDeviceUpdate","source":{"storageSource":{"bucket":"gcf-v2-sources-1072473959382-asia-southeast1","object":"forecastOnDeviceUpdate/function-source.zip","generation":"1788498243060379"}},"environmentVariables":{"GOOGLE_NODE_RUN_SCRIPTS":""},"dockerRepository":"projects/uran-48e06/locations/asia-southeast1/repositories/gcf-artifacts","sourceProvenance":{"resolvedStorageSource":{"bucket":"gcf-v2-sources-1072473959382-asia-southeast1","object":"forecastOnDeviceUpdate/function-source.zip","generation":"1788497742942459"}},"dockerRegistry":"ARTIFACT_REGISTRY","serviceAccount":"projects/uran-48e06/serviceAccounts/1072473959382-compute@developer.gserviceaccount.com","automaticUpdatePolicy":{}},"serviceConfig":{"service":"projects/uran-48e06/locations/asia-southeast1/services/forecastondeviceupdate","timeoutSeconds":60,"environmentVariables":{"FIREBASE_CONFIG":"{\"projectId\":\"uran-48e06\",\"databaseURL\":\"https://uran-48e06-default-rtdb.asia-southeast1.firebasedatabase.app\",\"storageBucket\":\"uran-48e06.firebasestorage.app\"}","GCLOUD_PROJECT":"uran-48e06","EVENTARC_CLOUD_EVENT_SOURCE":"projects/uran-48e06/locations/asia-southeast1/services/forecastOnDeviceUpdate","FUNCTION_REGION":"asia-southeast1","FUNCTION_SIGNATURE_TYPE":"cloudevent","FUNCTION_TARGET":"forecastOnDeviceUpdate","LOG_EXECUTION_ID":"true"},"ingressSettings":"ALLOW_ALL","uri":"https://forecastondeviceupdate-gi2vdmawga-as.a.run.app","serviceAccountEmail":"1072473959382-compute@developer.gserviceaccount.com","availableMemory":"256Mi","allTrafficOnLatestRevision":true,"secretEnvironmentVariables":[{"key":"TOMORROW_API_KEY","projectId":"uran-48e06","secret":"TOMORROW_API_KEY","version":"1"}],"revision":"forecastondeviceupdate-00001-huf","maxInstanceRequestConcurrency":80,"availableCpu":"1"},"eventTrigger":{"trigger":"projects/uran-48e06/locations/asia-southeast1/triggers/forecastondeviceupdate-487097","triggerRegion":"asia-southeast1","eventType":"google.firebase.database.ref.v1.updated","eventFilters":[{"attribute":"ref","value":"users/{uid}/devices/{deviceId}","operator":"match-path-pattern"},{"attribute":"instance","value":"*","operator":"match-path-pattern"}],"pubsubTopic":"projects/uran-48e06/topics/eventarc-asia-southeast1-forecastondeviceupdate-487097-498","serviceAccountEmail":"1072473959382-compute@developer.gserviceaccount.com","retryPolicy":"RETRY_POLICY_DO_NOT_RETRY"},"state":"ACTIVE","labels":{"deployment-tool":"cli-firebase","firebase-functions-hash":"a8dbf0d9a66309ac4e6189bb7e884e07c7dcf18c"},"environment":"GEN_2","url":"https://asia-southeast1-uran-48e06.cloudfunctions.net/forecastOnDeviceUpdate","satisfiesPzs":true,"satisfiesPzi":true},"stages":[{"name":"BUILD","message":"Build in progress","state":"IN_PROGRESS","resource":"projects/1072473959382/locations/asia-southeast1/builds/57e66f31-a82b-4dfe-9ccf-0ad428a0002a","resourceUri":"https://console.cloud.google.com/cloud-build/builds;region=asia-southeast1/57e66f31-a82b-4dfe-9ccf-0ad428a0002a?project=1072473959382"},{"name":"SERVICE","state":"NOT_STARTED"},{"name":"TRIGGER","state":"NOT_STARTED"}],"operationType":"UPDATE_FUNCTION","buildName":"projects/1072473959382/locations/asia-southeast1/builds/57e66f31-a82b-4dfe-9ccf-0ad428a0002a"},"done":false}
